id,study_id,authors,first_author,title,short_title,journal,year,doi,source,search_date
1,Aryana et al. (2025),"Aryana IGNW, Prayudi IBD, Suyasa IK, Subawa IW, Febyan",Aryana ,No Difference in Ankle Morbidity Between the Leg with Peroneus Longus Used for ACL Reconstruction Autograft and the Contralateral Side 12 Months Postoperatively,nodifferenceinanklemorbiditybetweenthele,Orthop Rev,2025,10.52965/001c.144731,PubMed/MEDLINE,2025-10-12
2,Soleymanha et al. (2025),"Soleymanha M, Soleymani Nejad A, Keyhani S, Vosoughi F, LaPrade RF, Tollefson LV",Soleymanha ,Peroneus longus tendon harvest for ACL reconstruction yields good functional outcome of the ankle: A systematic review and meta-Analysis,peroneuslongustendonharvestforaclreconst,Knee Surg Sports Traumatol Arthrosc,2025,10.1002/ksa.70079,PubMed/MEDLINE,2025-10-12
3,Liang & He (2025),"Liang C, He J",Liang ,Harvesting of Peroneus Longus Tendon Autograft,harvestingofperoneuslongustendonautograf,J Vis Exp,2025,10.3791/66390,PubMed/MEDLINE,2025-10-12
4,Karapinar et al. (2025),"Karapinar SE, Tas A, Dincer APR, Atay PT, Baydar PML, Kumbul H",Karapinar ,An Evaluation of the Effect on Ankle Stability of the Peroneus Longus Tendon Graft Used in Anterior Cruciate Ligament Reconstruction,anevaluationoftheeffectonanklestabilityo,Orthop J Sports Med,2025,10.1177/23259671251371229,PubMed/MEDLINE,2025-10-12
5,Corrêa et al. (2025),"Corrêa VNM, Freire PGC, Paolucci PHO, Marques de Oliveira V, Mestriner MB, Guglielmetti LGB, de Paula L Cury R",Corrêa ,Combined Anterior Cruciate Ligament and Posterolateral Corner Reconstruction: Modified Technique Using a Single Femoral Tunnel Using Hamstrings and Peroneus Longus Tendon,combinedanteriorcruciateligamentandposte,Arthrosc Tech,2025,10.1016/j.eats.2025.103557,PubMed/MEDLINE,2025-10-12
6,Calvo et al. (2025),"Calvo Rodriguez R, Gonzalez Duque W, Figueroa Poblete D, Itriago M, Calvo Mena R, Isla Villanueva J",Calvo ,Effect of diameter reduction by compression on peroneus longus allograft integrity: A biomechanical analysis,effectofdiameterreductionbycompressionon,J Orthop,2025,10.1016/j.jor.2025.06.036,PubMed/MEDLINE,2025-10-12
7,Yuncu  (2025),Yuncu M,Yuncu ,Broader perspective on the role of peroneus longus tendon in ligament reconstruction,broaderperspectiveontheroleofperoneuslon,World J Orthop,2025,10.5312/wjo.v16.i7.107957,PubMed/MEDLINE,2025-10-12
8,Jorge et al. (2025),"Jorge PB, Toledo MB, Malpaga JMD, Helito CP, Canuto SMG, Padua VBC, Oliveira DE",Jorge ,Anterior Cruciate Ligament Reconstruction and Double Extra-Articular Reinforcement,anteriorcruciateligamentreconstructionan,Arthrosc Tech,2025,10.1016/j.eats.2025.103456,PubMed/MEDLINE,2025-10-12
9,Kumar et al. (2025),"Kumar H, Chawla HKS, Seth A, Mehta K, Sahni G, Sharma M, Mangoch R",Kumar ,Comparison of Surgical and Non-Surgical Treatment of Anterior Cruciate Ligament Injury in Middle-Aged Population: A Prospective Cohort Study,comparisonofsurgicalandnon-surgicaltreat,Cureus,2025,10.7759/cureus.84489,PubMed/MEDLINE,2025-10-12
10,Singh et al. (2025),"Singh MP, Verma M, Agrawal DR, Gaur TNS, Maravi DS, Dhanopeya A",Singh ,Evaluation of Ankle Complications after Peroneus Longus Tendon Harvesting for ACL Reconstruction,evaluationofanklecomplicationsafterperon,J Orthop Case Rep,2025,10.13107/jocr.2025.v15.i06.5718,PubMed/MEDLINE,2025-10-12
11,Yuncu  (2025),Yuncu M,Yuncu ,Letter to the Editor: Comparison of peroneus longus tendon and hamstring tendon autografts in arthroscopic ACL reconstruction,lettertotheeditor:comparisonofperoneuslo,Int Orthop,2025,10.1007/s00264-025-06557-6,PubMed/MEDLINE,2025-10-12
12,Pugazhendhi et al. (2025),"Pugazhendhi G, Aravindan M, Kumar MN, Shankaran GBS",Pugazhendhi ,Comprehensive Arthroscopic Management of Multi-ligament Knee Injury: A Case Report,comprehensivearthroscopicmanagementofmul,J Orthop Case Rep,2025,10.13107/jocr.2025.v15.i05.5608,PubMed/MEDLINE,2025-10-12
13,Velioğlu et al. (2025),"Velioğlu K, Öner K, Aslan FG, Okutan AE, Kerimoğlu S, Turhan AU",Velioğlu ,Harvesting the Full Thickness Peroneus Longus Tendon Is Not Associated With Structural Foot Impairments: A 12- to 23-Year Follow-up Study,harvestingthefullthicknessperoneuslongus,Orthop J Sports Med,2025,10.1177/23259671251320659,PubMed/MEDLINE,2025-10-12
14,Sonarkar et al. (2025),"Sonarkar SS, Stanley A, Kumar-Singh S, Garg R, Narula A, Raj M",Sonarkar ,Addition of Modified Lemaire Lateral Extra-Articular Tenodesis in a Single stage Revision Anterior Cruciate Ligament Reconstruction using Peroneus Longus Tendon: A Prospective Study,additionofmodifiedlemairelateralextra-ar,Malays Orthop J,2025,10.5704/MOJ.2503.004,PubMed/MEDLINE,2025-10-12
15,Arora et al. (2025),"Arora M, Tapasvi S, Shukla T, Garg S, Shah J",Arora ,Peroneus Longus to Peroneus Brevis Tenodesis Does Not Improve Ankle Functional Outcomes: A Prospective Cohort Study,peroneuslongustoperoneusbrevistenodesisd,Indian J Orthop,2025,10.1007/s43465-025-01361-1,PubMed/MEDLINE,2025-10-12
16,Chen et al. (2025),"Chen C, Jing Z, Li Z, Hu M, Bei C, Xin L",Chen ,Comparative efficacy of different lengths of anterior cruciate ligament stump during reconstruction with peroneus longus tendon,comparativeefficacyofdifferentlengthsofa,BMC Surg,2025,10.1186/s12893-025-02913-w,PubMed/MEDLINE,2025-10-12
17,Gupta et al. (2025),"Gupta VK, Mahesan H, Murali V, Jeganathan P, Perumal S, Sivaraman A",Gupta ,Ipsilateral Autologous Peroneus Longus and Bone Patellar Tendon Graft for Revision Anterior Cruciate Ligament Reconstruction Leads to Similar Functional Outcome,ipsilateralautologousperoneuslongusandbo,J Orthop Case Rep,2025,10.13107/jocr.2025.v15.i04.5506,PubMed/MEDLINE,2025-10-12
18,Adi et al. (2025),"Adi MM, Mohamed AMY, Abdulgadir M, Meda MR, Mohamed NAS, AlKhyeli J",Adi ,"Management of a complex multiligament knee injury: Simultaneous reconstruction of ACL, PCL, and both meniscal roots",managementofacomplexmultiligamentkneeinj,Int J Surg Case Rep,2025,10.1016/j.ijscr.2025.111150,PubMed/MEDLINE,2025-10-12
19,Khalil & Zawam (2025),"Khalil MH, Zawam SH",Khalil ,Comparative study of Peroneus longus tendon autograft versus Hamstring tendon autograft in arthroscopic anterior cruciate ligament reconstruction,comparativestudyofperoneuslongustendonau,Int Orthop,2025,10.1007/s00264-025-06468-6,PubMed/MEDLINE,2025-10-12
20,Held et al. (2024),"Held M, North D, von Bormann R, Scheepers W",Held ,Surgical Technique of Single-Graft Double-Bundle Posterior Cruciate Ligament Reconstruction Using the Peroneus Longus Tendon,surgicaltechniqueofsingle-graftdouble-bu,Arthrosc Tech,2024,10.1016/j.eats.2024.103169,PubMed/MEDLINE,2025-10-12
21,Pontoh et al. (2025),"Pontoh LAP, Dilogo IH, Kamal AF, Rhatomy S, Putra A, Fiolin J, Herdiman JA, Pontoh EW",Pontoh ,Anterior Knee Pain Evaluation Following Anterior Cruciate Ligament (ACL) Reconstruction Using Anterior Half of The Peroneus Longus (AHPL) Autograft,anteriorkneepainevaluationfollowinganter,Orthop Res Rev,2025,10.2147/ORR.S495410,PubMed/MEDLINE,2025-10-12
22,Jie et al. (2025),"Jie T, Xu D, Zhou H, Zhang Y, Liang M, Baker JS, Gu Y",Jie ,Muscle mechanics and energetics in chronic ankle instability and copers during landing: Strategies for adaptive adjustments in locomotion pattern,musclemechanicsandenergeticsinchronicank,Heliyon,2025,10.1016/j.heliyon.2025.e41901,PubMed/MEDLINE,2025-10-12
23,da et al. (2025),"da Silva AGM, Macedo RS, Choi GG, Giglio PN, Gobbi RG, Godoy-Santos AL, Helito CP",da ,Inframalleolar harvest of the peroneus longus tendon graft: Surgical technique,inframalleolarharvestoftheperoneuslongus,J ISAKOS,2025,10.1016/j.jisako.2025.100384,PubMed/MEDLINE,2025-10-12
24,Butt et al. (2024),"Butt U, Vuletic F, Shaikh MAA, Amanullah, Rehman GU, Shah IA, Stålman A, Khan ZA",Butt ,5-years outcomes following arthroscopic anterior cruciate ligament reconstruction comparing quadruple hamstring and peroneus longus tendon autografts: a randomized control trial,5-yearsoutcomesfollowingarthroscopicante,Arch Orthop Trauma Surg,2024,10.1007/s00402-024-05639-1,PubMed/MEDLINE,2025-10-12
25,Gandhi et al. (2024),"Gandhi MP, Patel NKR, Shah KK, Shah RM, Shah MD",Gandhi ,A Study on Clinical and Functional Outcomes of Arthroscopic Anterior Cruciate Ligament Reconstruction Using Hamstring versus Peroneus graft,astudyonclinicalandfunctionaloutcomesofa,J Orthop Case Rep,2024,10.13107/jocr.2024.v14.i12.5076,PubMed/MEDLINE,2025-10-12
26,Lara et al. (2024),"Lara PHS, Novaretti JV, Nunes GRDS, Cohen M, Ramos LA",Lara ,New Graft Choices for ACL Reconstruction: Update Article,newgraftchoicesforaclreconstruction:upda,Rev Bras Ortop,2024,10.1055/s-0044-1779335,PubMed/MEDLINE,2025-10-12
28,Almeida & Livet (2025),"Almeida M, Livet V",Almeida ,Effect of Cranial Cruciate Ligament Transection during TPLO on Patellar Desmitis in Dogs with Partial Cranial Cruciate Ligament Rupture,effectofcranialcruciateligamenttransecti,Vet Comp Orthop Traumatol,2025,10.1055/s-0044-1795088,PubMed/MEDLINE,2025-10-12
29,Pilar et al. (2024),"Pilar A, Gm S, Nedumparampil MM, Kodi H, Amravathi R, Muniswamy MM",Pilar ,Evaluating the Efficacy of Peroneus Longus Tendon as an Autograft for Anterior Cruciate Ligament Reconstruction in Indian Female Patients: A Prospective Cohort Study,evaluatingtheefficacyofperoneuslongusten,Cureus,2024,10.7759/cureus.71665,PubMed/MEDLINE,2025-10-12
30,Arora et al. (2024),"Arora M, Tapasvi S, Shukla T, Jani C",Arora ,Lower Limb Length and Body Weight are Surrogate Predictors of Peroneus Longus Autograft Diameter,lowerlimblengthandbodyweightaresurrogate,Indian J Orthop,2024,10.1007/s43465-024-01266-5,PubMed/MEDLINE,2025-10-12
31,Asif et al. (2024),"Asif N, Khan MJ, Singhal U, Anwer A, Firoz MA, Rashid M",Asif ,Randomized Controlled Study Comparing Hamstring Graft and Peroneus Longus Tendon Graft in Arthroscopic ACL Reconstruction,randomizedcontrolledstudycomparinghamstr,J Orthop Case Rep,2024,10.13107/jocr.2024.v14.i11.4980,PubMed/MEDLINE,2025-10-12
32,Moreira et al. (2024),"Moreira da Silva AG, de Almeida AM, Helito CP, Pedrinelli A",Moreira ,Acute compartment syndrome of the leg following peroneus longus tendon graft harvesting: a case report,acutecompartmentsyndromeofthelegfollowin,J ISAKOS,2024,10.1016/j.jisako.2024.100360,PubMed/MEDLINE,2025-10-12
33,de et al. (2024),"de Oliveira DE, Horita MM, Malpaga JMD, de Padua VB, de Gusmão Canuto SM, Jorge PB",de ,Evaluation of the peroneus longus tendon as an autologous graft in knee surgery,evaluationoftheperoneuslongustendonasana,Sci Rep,2024,10.1038/s41598-024-76779-y,PubMed/MEDLINE,2025-10-12
34,Hinz et al. (2025),"Hinz N, Müller MM, Eggeling L, Drenck T, Breer S, Kowald B, Frosch KH, Akoto R",Hinz ,MCL augmentation using a peroneus longus split tendon autograft satisfactorily restores knee stability with no impairment in foot function and with a low failure rate for concurrent ACL reconstruction,mclaugmentationusingaperoneuslongussplit,Knee Surg Sports Traumatol Arthrosc,2025,10.1002/ksa.12522,PubMed/MEDLINE,2025-10-12
35,Gök et al. (2024),"Gök B, Kanar M, Tutak Y",Gök ,Peroneus Longus vs Hamstring Tendon Autografts in ACL Reconstruction: A Comparative Study of 106 Patients' Outcomes,peroneuslongusvshamstringtendonautograft,Med Sci Monit,2024,10.12659/MSM.945626,PubMed/MEDLINE,2025-10-12
36,Kilic et al. (2024),"Kilic KK, Dogruoz F, Egerci OF, Yuncu M, Yapar A, Kose O",Kilic ,Relationship between peroneus longus tendon graft thickness and anthropometric variables: a radiographic study using ultrasonography,relationshipbetweenperoneuslongustendong,Knee Surg Relat Res,2024,10.1186/s43019-024-00235-4,PubMed/MEDLINE,2025-10-12
37,Shetty et al. (2024),"Shetty SB, Prabhakar PH, Kajava P V, Rao HK, Sarma M K L",Shetty ,Arthroscopic Reconstruction of Injured Anterior Cruciate Ligament Using Peroneus Longus Graft With Fixed Loop Endobutton - A Prospective Study,arthroscopicreconstructionofinjuredanter,J Orthop Case Rep,2024,10.13107/jocr.2024.v14.i10.4872,PubMed/MEDLINE,2025-10-12
38,Yağar et al. (2024),"Yağar H, Cinaroglu S, Çiçek F, Ceranoğlu F, Karadağ H",Yağar ,Examination of the Tensile Strength of the Peroneus Longus Muscle,examinationofthetensilestrengthofthepero,Cureus,2024,10.7759/cureus.66683,PubMed/MEDLINE,2025-10-12
39,Farey et al. (2024),"Farey JE, Salmon LJ, Roe JP, Russell V, Sundaraj K, Pinczewski LA",Farey ,Outcomes of ACL Reconstruction Utilizing Supercritical CO(2)-Sterilized Allografts,outcomesofaclreconstructionutilizingsupe,Orthop J Sports Med,2024,10.1177/23259671241254115,PubMed/MEDLINE,2025-10-12
40,Mirza et al. (2024),"Mirza K, Menezes RJ, Acharya PU, Austine J, d'Almeida VR, Kamath A",Mirza ,Donor-site morbidity following arthroscopic anterior cruciate ligament reconstruction using peroneus longus tendon autograft,donor-sitemorbidityfollowingarthroscopic,Eur J Orthop Surg Traumatol,2024,10.1007/s00590-024-04046-x,PubMed/MEDLINE,2025-10-12
41,Ertilav et al. (2024),"Ertilav D, Ertilav E, Dirlik GN, Barut K",Ertilav ,Donor Site Morbidity after Removal of FullThickness Peroneus Longus Tendon Graft for Anterior Cruciate Ligament (ACL) Reconstruction: 4-Year Follow-up,donorsitemorbidityafterremovaloffullthic,Acta Chir Orthop Traumatol Cech,2024,10.55095/achot2024/023,PubMed/MEDLINE,2025-10-12
42,Punnoose et al. (2024),"Punnoose DJ, Varghese J, Theruvil B, Thomas AB",Punnoose ,"Peroneus Longus Tendon Autografts have Better Graft Diameter, Less Morbidity, and Enhanced Muscle Recuperation than Hamstring Tendon in ACL Reconstruction",peroneuslongustendonautograftshavebetter,Indian J Orthop,2024,10.1007/s43465-024-01185-5,PubMed/MEDLINE,2025-10-12
43,Ashton et al. (2024),"Ashton DM, Blaker CL, Hartnell N, Haubruck P, Liu Y, Hefferan SA, Little CB, Clarke EC",Ashton ,"The Biomechanical, Biochemical, and Morphological Properties of 19 Human Cadaveric Lower Limb Tendons and Ligaments: An Open-Access Data Set","thebiomechanical,biochemical,andmorpholo",Am J Sports Med,2024,10.1177/03635465241260054,PubMed/MEDLINE,2025-10-12
44,Dwidmuthe et al. (2024),"Dwidmuthe S, Roy M, Bhikshavarthi Math SA, Sah S, Bhavani P, Sadar A",Dwidmuthe ,"Functional Outcome of Single-Bundle Arthroscopic Anterior Cruciate Ligament Reconstruction using Peroneus Longus Graft and Hamstring Graft: An Open-Label, Randomized, Comparative Study",functionaloutcomeofsingle-bundlearthrosc,Cureus,2024,10.7759/cureus.60239,PubMed/MEDLINE,2025-10-12
45,Blanke et al. (2024),"Blanke F, Boljen M, Oehler N, Lutter C, Tischer T, Vogt S",Blanke ,An anteromedial stabilization procedure has the most protective effect on the anterior cruciate ligament in tibial external rotation. A human knee model study,ananteromedialstabilizationprocedurehast,Arch Orthop Trauma Surg,2024,10.1007/s00402-024-05357-8,PubMed/MEDLINE,2025-10-12
46,Zhang et al. (2024),"Zhang S, Cai G, Ge Z",Zhang ,The Efficacy of Anterior Cruciate Ligament Reconstruction with Peroneus Longus Tendon and its Impact on Ankle Joint Function,theefficacyofanteriorcruciateligamentrec,Orthop Surg,2024,10.1111/os.14060,PubMed/MEDLINE,2025-10-12
47,Tonape et al. (2024),"Tonape PB, Kishore J, Kopparthi RM, Tonape T, Bhamare DS, Desireddy S",Tonape ,Clinico-radiological outcome of Arthroscopic Anterior Cruciate Ligament Reconstruction with Augmentation of Dehydrated Human Amnion Chorion Allograft Membrane using Peroneus Longus Autograft,clinico-radiologicaloutcomeofarthroscopi,Malays Orthop J,2024,10.5704/MOJ.2403.005,PubMed/MEDLINE,2025-10-12
48,Cristiani et al. (2024),"Cristiani R, van de Bunt F, Kvist J, Stålman A",Cristiani ,High prevalence of associated injuries in anterior cruciate ligament tears: A detailed magnetic resonance imaging analysis of 254 patients,highprevalenceofassociatedinjuriesinante,Skeletal Radiol,2024,10.1007/s00256-024-04665-9,PubMed/MEDLINE,2025-10-12
49,Soni et al. (2024),"Soni S, Brahmbhatt V, Tolani M, Soni H, Pathan SR, Shroff M, Sharma KB",Soni ,Functional Outcomes in Anterior Cruciate Ligament (ACL) Reconstruction: A Nine-Month Follow-up Study Using Lysholm Score in a Rural Tertiary Care Center in India,functionaloutcomesinanteriorcruciateliga,Cureus,2024,10.7759/cureus.53480,PubMed/MEDLINE,2025-10-12
50,Acharya et al. (2024),"Acharya K, Mody A, Madi S",Acharya ,Functional Outcomes of Anatomic Single Bundle Primary ACL Reconstruction with Peroneus Longus Tendon (Without a Peroneal Tenodesis) Versus Hamstring Autografts,functionaloutcomesofanatomicsinglebundle,Arch Bone Jt Surg,2024,10.22038/ABJS.2024.73473.3404,PubMed/MEDLINE,2025-10-12
51,Alardi  (2023),Alardi IM,Alardi ,Hamstring graft size for anterior cruciate ligament repair in a sample of Iraqi men,hamstringgraftsizeforanteriorcruciatelig,J Med Life,2023,10.25122/jml-2023-0071,PubMed/MEDLINE,2025-10-12
52,da et al. (2023),"da Silva AGM, Macedo RS, Souza MO, Giglio PN, Videira LD, Gobbi RG, Godoy Dos Santos AL, Helito CP",da ,Combined Anterior Cruciate Ligament and Anterolateral Ligament Reconstruction Using a Single Peroneus Longus Tendon Graft,combinedanteriorcruciateligamentandanter,Arthrosc Tech,2023,10.1016/j.eats.2023.08.028,PubMed/MEDLINE,2025-10-12
53,Zhao et al. (2024),"Zhao Z, Tang L, Chen J, Bai X, Chen Y, Ng L, Zhou Y, Deng Y",Zhao ,The effect of harvesting the anterior half of the peroneus longus tendon on foot morphology and gait,theeffectofharvestingtheanteriorhalfofth,J Orthop Surg Res,2024,10.1186/s13018-023-04429-6,PubMed/MEDLINE,2025-10-12
54,Gökler et al. (2024),"Gökler DJ, Karácsony AF, Faragó D, Szebényi G, Kiss RM, Pap K",Gökler ,The effect of sterilization and storage on the viscoelastic properties of human tendon allografts - Continued: Storage for 0 to 4 months,theeffectofsterilizationandstorageonthev,J Biomech,2024,10.1016/j.jbiomech.2023.111904,PubMed/MEDLINE,2025-10-12
55,Saeed et al. (2023),"Saeed UB, Ramzan A, Anwar M, Tariq H, Tariq H, Yasin A, Mehmood T",Saeed ,"Earlier Return to Sports, Reduced Donor-Site Morbidity with Doubled Peroneus Longus Versus Quadrupled Hamstring Tendon Autograft in ACL Reconstruction","earlierreturntosports,reduceddonor-sitem",JB JS Open Access,2023,10.2106/JBJS.OA.23.00051,PubMed/MEDLINE,2025-10-12
56,Escudeiro et al. (2023),"Escudeiro de Oliveira D, Horita MM, de Lima MV, Malpaga JMD, Jorge PB",Escudeiro ,Augmentation of the Anterior Cruciate Ligament Using the Peroneus Longus: Description of the Surgical Technique,augmentationoftheanteriorcruciateligamen,Video J Sports Med,2023,10.1177/26350254231204638,PubMed/MEDLINE,2025-10-12
57,Selcuk et al. (2024),"Selcuk H, Baz AB, Egerci OF, Kose O",Selcuk ,Peroneus longus tendon autograft versus allograft in revision ACLR: A retrospective comparison,peroneuslongustendonautograftversusallog,Orthop Traumatol Surg Res,2024,10.1016/j.otsr.2023.103775,PubMed/MEDLINE,2025-10-12
58,Pham et al. (2023),"Pham HN, Huynh NX, Pham PNH, Dang DNY, Cao LT, Huynh DM, Thoi HTT, Le OH, Beaupha SMC",Pham ,Reference intervals of complete blood count and coagulation tests in Vietnamese pregnant women,referenceintervalsofcompletebloodcountan,BMC Pregnancy Childbirth,2023,10.1186/s12884-023-06106-2,PubMed/MEDLINE,2025-10-12
59,Franciozi et al. (2023),"Franciozi CE, Mameri ES, Schumacher FC, Credidio MV, Kubota MS, Luzo MV",Franciozi ,Full-Thickness Peroneus Longus Tendon Autograft Harvest,full-thicknessperoneuslongustendonautogr,Video J Sports Med,2023,10.1177/26350254231195093,PubMed/MEDLINE,2025-10-12
60,Arojuraye et al. (2024),"Arojuraye SA, Alabi IA, Mustapha IU",Arojuraye ,Outcome of percutaneous reconstruction of chronic lateral collateral ligament rupture,outcomeofpercutaneousreconstructionofchr,Chin J Traumatol,2024,10.1016/j.cjtee.2023.09.004,PubMed/MEDLINE,2025-10-12
61,Xu et al. (2023),"Xu C, Mi Z, Dong Z, Chen X, Ji G, Kang H, Li K, Zhao B, Wang F",Xu ,Platelet-Derived Exosomes Alleviate Knee Osteoarthritis by Attenuating Cartilage Degeneration and Subchondral Bone Loss,platelet-derivedexosomesalleviatekneeost,Am J Sports Med,2023,10.1177/03635465231188122,PubMed/MEDLINE,2025-10-12
62,Zeng et al. (2023),"Zeng J, Huang J, Liu Z, Xia H",Zeng ,Influence of peroneus longus tendon autograft for ACL reconstruction on donor-side ankle function in obese patients: A retrospective study of 87 patients,influenceofperoneuslongustendonautograft,Asian J Surg,2023,10.1016/j.asjsur.2023.07.041,PubMed/MEDLINE,2025-10-12
63,Josipović et al. (2023),"Josipović M, Vlaić J, Serdar J, Levaj I, Šimunović M, Nizić D, Jelić M",Josipović ,A NEW TECHNIQUE FOR COMBINED ANTERIOR CRUCIATE AND ANTEROLATERAL LIGAMENT RECONSTRUCTION USING QUADRICEPS AND PLANTARIS TENDONS,anewtechniqueforcombinedanteriorcruciate,Acta Clin Croat,2023,10.20471/acc.2023.62.s3.6,PubMed/MEDLINE,2025-10-12
64,Cakar et al. (2023),"Cakar A, Kose O, Selcuk H, Egerci OF, Tasatan E, Dogruoz F",Cakar ,Complications of peroneus longus tendon harvesting: a retrospective review of 82 cases,complicationsofperoneuslongustendonharve,Arch Orthop Trauma Surg,2023,10.1007/s00402-023-04988-7,PubMed/MEDLINE,2025-10-12
65,Jorge et al. (2023),"Jorge PB, Horita MM, de Oliveira E Silva M, Marinho de Gusmão Canuto S, Helito CP, Escudeiro de Oliveira D",Jorge ,Anterior Cruciate and Anterior Oblique Ligament Reconstruction Using Hamstrings and Peroneus Longus' Anterior Half Grafts,anteriorcruciateandanteriorobliqueligame,Arthrosc Tech,2023,10.1016/j.eats.2023.02.019,PubMed/MEDLINE,2025-10-12
66,Tandel et al. (2023),"Tandel JY, Wagh AA, Girde V, Jagtap KR, Chaudhari N",Tandel ,ACL Reconstruction in a Poliotic Limb with Peroneus Longus Graft,aclreconstructioninapolioticlimbwithpero,J Orthop Case Rep,2023,10.13107/jocr.2023.v13.i06.3724,PubMed/MEDLINE,2025-10-12
67,Agarwal et al. (2023),"Agarwal A, Singh S, Singh A, Tewari P",Agarwal ,Comparison of Functional Outcomes of an Anterior Cruciate Ligament (ACL) Reconstruction Using a Peroneus Longus Graft as an Alternative to the Hamstring Tendon Graft,comparisonoffunctionaloutcomesofananteri,Cureus,2023,10.7759/cureus.37273,PubMed/MEDLINE,2025-10-12
68,Wierer et al. (2023),"Wierer G, Gwinner C, Scheffler S",Wierer ,Peroneus Longus Split Versus Semitendinosus Tendon Autograft Size: A Cross-sectional Study,peroneuslongussplitversussemitendinosust,Am J Sports Med,2023,10.1177/03635465231165297,PubMed/MEDLINE,2025-10-12
69,Sahoo & Sahu (2023),"Sahoo PK, Sahu MM",Sahoo ,Analysis of Postural Control following Anterior Cruciate Ligament Reconstruction with Ipsilateral Peroneus Longus Tendon Graft,analysisofposturalcontrolfollowinganteri,Malays Orthop J,2023,10.5704/MOJ.2303.016,PubMed/MEDLINE,2025-10-12
70,Luo et al. (2023),"Luo J, Wu S, Rothrauff B, Liao Q, Feng J, Tan L, Cao Y, Liang J, Wang J, He J",Luo ,Preoperative ultrasound can accurately predict the diameter of double-stranded peroneus longus tendon autografts,preoperativeultrasoundcanaccuratelypredi,Knee Surg Sports Traumatol Arthrosc,2023,10.1007/s00167-023-07406-y,PubMed/MEDLINE,2025-10-12
71,Arora & Shukla (2023),"Arora M, Shukla T",Arora ,Peroneus Longus Graft Harvest: A Technique Note,peroneuslongusgraftharvest:atechniquenot,Indian J Orthop,2023,10.1007/s43465-023-00847-0,PubMed/MEDLINE,2025-10-12
72,Hossain et al. (2023),"Hossain GMJ, Islam MS, Rahman Khan MM, Rafiqul Islam M, Rahman SMM, Jahan MS, Halder RC, Rahaman SK, Al Mamun MB, Harun ME",Hossain ,A prospective study of arthroscopic primary ACL reconstruction with ipsilateral peroneus longus tendon graft: Experience of 439 cases,aprospectivestudyofarthroscopicprimaryac,Medicine (Baltimore),2023,10.1097/MD.0000000000032943,PubMed/MEDLINE,2025-10-12
73,Butt et al. (2022),"Butt UM, Khan ZA, Amin A, Shah IA, Iqbal J, Khan Z",Butt ,Peroneus Longus Tendon Harvesting for Anterior Cruciate Ligament Reconstruction,peroneuslongustendonharvestingforanterio,JBJS Essent Surg Tech,2022,10.2106/JBJS.ST.20.00053,PubMed/MEDLINE,2025-10-12
74,Ashton et al. (2023),"Ashton DM, Blaker CL, Hartnell N, Haubruck P, Hefferan SA, Little CB, Clarke EC",Ashton ,"Challenging the Perceptions of Human Tendon Allografts: Influence of Donor Age, Sex, Height, and Tendon on Biomechanical Properties",challengingtheperceptionsofhumantendonal,Am J Sports Med,2023,10.1177/03635465221143385,PubMed/MEDLINE,2025-10-12
75,Singh et al. (2022),"Singh H, Agarwal KK, Tyagi S, Bhrambhatt P, Rampurwala A, Unjia R, Agarwal N",Singh ,A Study of the Functional Outcome of Supplementation of Hamstring Graft With Anterior Half of the Peroneus Longus Tendon in Arthroscopic Anterior Cruciate Ligament Reconstruction,astudyofthefunctionaloutcomeofsupplement,Cureus,2022,10.7759/cureus.30138,PubMed/MEDLINE,2025-10-12
76,Keyhani et al. (2022),"Keyhani S, Qoreishi M, Mousavi M, Ronaghi H, Soleymanha M",Keyhani ,Peroneus Longus Tendon Autograft versus Hamstring Tendon Autograft in Anterior Cruciate Ligament Reconstruction: A Comparative Study with a Mean Follow-up of Two Years,peroneuslongustendonautograftversushamst,Arch Bone Jt Surg,2022,10.22038/ABJS.2022.59568.2938,PubMed/MEDLINE,2025-10-12
77,Rajani et al. (2022),"Rajani AM, Shah UA, Mittal AR, Rajani A, Punamiya M, Singhal R",Rajani ,Functional and clinical outcome of anterior cruciate ligament reconstruction with peroneus longus autograft and correlation with MRI after 3 years,functionalandclinicaloutcomeofanteriorcr,J Orthop,2022,10.1016/j.jor.2022.08.027,PubMed/MEDLINE,2025-10-12
78,Yadav et al. (2022),"Yadav U, Nemani M, Devgun A, Malik M, Agrawal GK",Yadav ,Iatrogenic Foot Drop After Anterior Cruciate Ligament Reconstruction With Peroneus Longus Tendon Autograft: Report of a Rare Case,iatrogenicfootdropafteranteriorcruciatel,Cureus,2022,10.7759/cureus.26476,PubMed/MEDLINE,2025-10-12
79,Gursoy et al. (2022),"Gursoy S, Perry AK, Dandu N, Singh H, Vadhera AS, Yanke A, LaPrade RF, Chahla J",Gursoy ,Effect of Sectioning of the Anterior Cruciate Ligament and Posterolateral Structures on Lateral Compartment Gapping: A Randomized Biomechanical Study,effectofsectioningoftheanteriorcruciatel,Orthop J Sports Med,2022,10.1177/23259671221100216,PubMed/MEDLINE,2025-10-12
80,Lu et al. (2022),"Lu Y, Xu H, Zhou Z, Fang L, Tao R",Lu ,The promotive effect of grafts with the double-stranded peroneus longus tendon and with the four-stranded hamstring tendon on reconstruction of the posterior cruciate ligament injury,thepromotiveeffectofgraftswiththedouble-,Orthop Traumatol Surg Res,2022,10.1016/j.otsr.2022.103336,PubMed/MEDLINE,2025-10-12
81,Perry et al. (2022),"Perry AK, Knapik DM, Gursoy S, Alter TD, Clapp IM, Verma NN, LaPrade RF, Chahla J",Perry ,"Determining the Roles of the Anterior Cruciate Ligament, Posterolateral Corner, and Medial Collateral Ligament in Knee Hyperextension Using the Heel-Height Test",determiningtherolesoftheanteriorcruciate,Orthop J Sports Med,2022,10.1177/23259671221086669,PubMed/MEDLINE,2025-10-12
82,Saki et al. (2022),"Saki F, Tahayori B, Bakhtiari Khou S",Saki ,Female athletes with ligament dominance exhibiting altered hip and ankle muscle co-contraction patterns compared to healthy individuals during single-leg landing,femaleathleteswithligamentdominanceexhib,Gait Posture,2022,10.1016/j.gaitpost.2022.02.011,PubMed/MEDLINE,2025-10-12
83,Shevate et al. (2021),"Shevate I, Nathani G, Deshmukh A, Kandari A",Shevate ,Tibial Avulsion with Intra-Articular Entrapment of Medial Collateral Ligament with Posterior Cruciate Ligament Tear with Posterior Root Medial Meniscus Tear: A Case Report of an Unusual Injury Triad,tibialavulsionwithintra-articularentrapm,J Orthop Case Rep,2021,10.13107/jocr.2021.v11.i08.2352,PubMed/MEDLINE,2025-10-12
84,Oliveira et al. (2021),"Oliveira DE, Horita MM, Salas VER, Severino FR, Guglielmetti LGB, Jorge PB",Oliveira ,Peroneus Longus Tendon Graft to Reconstruct the Posterolateral Corner of the Knee,peroneuslongustendongrafttoreconstructth,Rev Bras Ortop,2021,10.1055/s-0041-1724085,PubMed/MEDLINE,2025-10-12
85,Guénégo et al. (2021),"Guénégo L, Vezzoni A, Vezzoni L",Guénégo ,Comparison of tibial anatomical-mechanical axis angles and patellar positions between tibial plateau levelling osteotomy (TPLO) and modified cranial closing wedge osteotomy (AMA-based CCWO) for the treatment of cranial cruciate ligament disease in large dogs with tibial plateau slopes greater than 30° and clinically normal Labradors retrievers,comparisonoftibialanatomical-mechanicala,BMC Vet Res,2021,10.1186/s12917-021-03094-3,PubMed/MEDLINE,2025-10-12
87,Picot et al. (2022),"Picot B, Rémy-Neris O, Forestier N",Picot ,Proprioceptive postural control strategies differ among non-injured athletes,proprioceptiveposturalcontrolstrategiesd,Neurosci Lett,2022,10.1016/j.neulet.2021.136366,PubMed/MEDLINE,2025-10-12
88,Goyal et al. (2023),"Goyal T, Paul S, Choudhury AK, Sethy SS",Goyal ,Full-thickness peroneus longus tendon autograft for anterior cruciate reconstruction in multi-ligament injury and revision cases: outcomes and donor site morbidity,full-thicknessperoneuslongustendonautogr,Eur J Orthop Surg Traumatol,2023,10.1007/s00590-021-03145-3,PubMed/MEDLINE,2025-10-12
89,Gökler et al. (2021),"Gökler DJ, Faragó D, Szebényi G, Kiss RM, Pap K",Gökler ,The effect of sterilization and storage on the viscoelastic properties of human tendon allografts,theeffectofsterilizationandstorageonthev,J Biomech,2021,10.1016/j.jbiomech.2021.110697,PubMed/MEDLINE,2025-10-12
90,de et al. (2021),"de Oliveira DE, Horita MM, de Oliveira E Silva M, Salas VER, Jorge PB",de ,Anterior Half of the Peroneus Longus Tendon Combined with Semitendinosus and Gracilis Tendons for Anterior Cruciate Ligament Reconstruction: An Athlete Case Report,anteriorhalfoftheperoneuslongustendoncom,Case Rep Orthop,2021,10.1155/2021/9978383,PubMed/MEDLINE,2025-10-12
91,Budhiparama et al. (2021),"Budhiparama NC, Rhatomy S, Phatama KY, Chandra W, Santoso A, Lumban-Gaol I",Budhiparama ,Peroneus Longus Tendon Autograft: A Promising Graft for ACL Reconstruction,peroneuslongustendonautograft:apromising,Video J Sports Med,2021,10.1177/26350254211009888,PubMed/MEDLINE,2025-10-12
92,Bi et al. (2021),"Bi M, Zhao C, Zhang Q, Cao L, Chen X, Kong M, Bi Q",Bi ,All-Inside Anterior Cruciate Ligament Reconstruction Using an Anterior Half of the Peroneus Longus Tendon Autograft,all-insideanteriorcruciateligamentrecons,Orthop J Sports Med,2021,10.1177/2325967121991226,PubMed/MEDLINE,2025-10-12
93,Wiradiputra et al. (2021),"Wiradiputra AE, Febyan, Aryana GNW",Wiradiputra ,Peroneus longus tendon graft for anterior cruciate ligament reconstruction: A case report and review of literature,peroneuslongustendongraftforanteriorcruc,Int J Surg Case Rep,2021,10.1016/j.ijscr.2021.106028,PubMed/MEDLINE,2025-10-12
94,Joshi et al. (2021),"Joshi S, Shetty UC, Salim MD, Meena N, Kumar RS, Rao VKV",Joshi ,Peroneus Longus Tendon Autograft for Anterior Cruciate Ligament Reconstruction: A Safe and Effective Alternative in Nonathletic Patients,peroneuslongustendonautograftforanterior,Niger J Surg,2021,10.4103/njs.NJS_22_20,PubMed/MEDLINE,2025-10-12
95,Wang et al. (2021),"Wang X, Han X, Shi X, Yuan Y, Tan H",Wang ,[Short-term effectiveness of arthroscopic single bundle four-strand reconstruction using autologous semitendinosus tendon and anterior half of peroneus longus tendon for posterior cruciate ligament injuries],short-termeffectivenessofarthroscopicsin,Zhongguo Xiu Fu Chong Jian Wai Ke Za Zhi,2021,10.7507/1002-1892.202011058,PubMed/MEDLINE,2025-10-12
97,Blanke et al. (2021),"Blanke F, Boljen M, Lutter C, Oehler N, Tischer T, Vogt S",Blanke ,Does the anterolateral ligament protect the anterior cruciate ligament in the most common injury mechanisms? A human knee model study,doestheanterolateralligamentprotectthean,Knee,2021,10.1016/j.knee.2021.02.026,PubMed/MEDLINE,2025-10-12
98,Escudeiro et al. (2021),"Escudeiro de Oliveira D, Picchi Zaccharias V, Mayumi Horita M, Gabriel Betoni Guglielmetti L, Duarte Junior A, Baches Jorge P",Escudeiro ,Anterior Cruciate and Anterolateral Ligament Reconstruction Using Hamstring and Peroneus Longus Tendons: Surgical Technique Description,anteriorcruciateandanterolateralligament,Arthrosc Tech,2021,10.1016/j.eats.2020.10.030,PubMed/MEDLINE,2025-10-12
99,Zhong et al. (2021),"Zhong H, Jin Y, Wu S, Liu Y",Zhong ,[Study on reconstruction of posterior cruciate ligament with autologous peroneus longus tendon under arthroscopy],studyonreconstructionofposteriorcruciate,Zhongguo Xiu Fu Chong Jian Wai Ke Za Zhi,2021,10.7507/1002-1892.202008051,PubMed/MEDLINE,2025-10-12
100,Ertilav  (2021),Ertilav D,Ertilav ,Relation of peroneus longus autograft dimensions with anthropometric parameters in anterior cruciate ligament reconstruction: Importance of the distal leg diameter,relationofperoneuslongusautograftdimensi,Jt Dis Relat Surg,2021,10.5606/ehc.2021.79580,PubMed/MEDLINE,2025-10-12
101,Goyal et al. (2021),"Goyal T, Paul S, Banerjee S, Das L",Goyal ,Outcomes of one-stage reconstruction for chronic multiligament injuries of knee,outcomesofone-stagereconstructionforchro,Knee Surg Relat Res,2021,10.1186/s43019-020-00083-y,PubMed/MEDLINE,2025-10-12
102,Wang et al. (2020),"Wang HD, Wang TR, Sui Y, Wang J, Chen W, Zhang YZ",Wang ,An Autograft for Anterior Cruciate Ligament Reconstruction Results in Better Biomechanical Performance and Tendon-Bone Incorporation Than Does a Hybrid Graft in a Rat Model,anautograftforanteriorcruciateligamentre,Am J Sports Med,2020,10.1177/0363546520967668,PubMed/MEDLINE,2025-10-12
103,Lubis et al. (2020),"Lubis AMT, Aprilya D, Tania K",Lubis ,Combined hamstrings and peroneus longus tendon for undersized graft in anterior cruciate ligament reconstruction: A report of two adolescence female patients,combinedhamstringsandperoneuslongustendo,Int J Surg Case Rep,2020,10.1016/j.ijscr.2020.09.136,PubMed/MEDLINE,2025-10-12
104,Zhang et al. (2020),"Zhang P, Liu Q, Fan Z, Wu M, Zhu K, Zhou J, Xiang P",Zhang ,[Effect of vascularized peroneus longus tendon graft reconstruction on anterior cruciate ligament insertion in rabbits],effectofvascularizedperoneuslongustendon,Zhongguo Xiu Fu Chong Jian Wai Ke Za Zhi,2020,10.7507/1002-1892.201912048,PubMed/MEDLINE,2025-10-12
105,Yu et al. (2020),"Yu H, Deng W, Sang P, Liu Y",Yu ,[Arthroscopic reconstruction of anterior cruciate ligament with autologous ipsilateral peroneus longus tendon],arthroscopicreconstructionofanteriorcruc,Zhongguo Xiu Fu Chong Jian Wai Ke Za Zhi,2020,10.7507/1002-1892.201911145,PubMed/MEDLINE,2025-10-12
106,Rhatomy et al. (2020),"Rhatomy S, Hartoko L, Setyawan R, Soekarno NR, Zainal Asikin AI, Pridianto D, Mustamsir E",Rhatomy ,Single bundle ACL reconstruction with peroneus longus tendon graft: 2-years follow-up,singlebundleaclreconstructionwithperoneu,J Clin Orthop Trauma,2020,10.1016/j.jcot.2019.09.004,PubMed/MEDLINE,2025-10-12
107,Sakti et al. (2020),"Sakti M, Biakto KT, Usman MA, Tedjajuwana MJ, Pasallo P, Subagio ES",Sakti ,Predicting the peroneus longus tendon autograft size in ACL reconstruction by using anthropometric parameters: A study in South Sulawesi population,predictingtheperoneuslongustendonautogra,J Orthop,2020,10.1016/j.jor.2020.03.011,PubMed/MEDLINE,2025-10-12
108,Trung et al. (2019),"Trung DT, Manh SL, Thanh LN, Dinh TC, Dinh TC",Trung ,Preliminary Result of Arthroscopic Anterior Cruciate Ligament Reconstruction Using Anterior Half of Peroneus Longus Tendon Autograft,preliminaryresultofarthroscopicanteriorc,Open Access Maced J Med Sci,2019,10.3889/oamjms.2019.390,PubMed/MEDLINE,2025-10-12
109,Rhatomy et al. (2019),"Rhatomy S, Tanzil H, Setyawan R, Amanda C, Phatama KY, Andrianus J, Rukmoyo T, Kisworo B",Rhatomy ,Influence of anthropometric features on peroneus longus graft diameter in Anterior Cruciate Ligament reconstruction: A cohort study,influenceofanthropometricfeaturesonperon,Ann Med Surg,2019,10.1016/j.amsu.2019.10.023,PubMed/MEDLINE,2025-10-12
110,Rhatomy et al. (2019),"Rhatomy S, Wicaksono FH, Soekarno NR, Setyawan R, Primasara S, Budhiparama NC",Rhatomy ,Eversion and First Ray Plantarflexion Muscle Strength in Anterior Cruciate Ligament Reconstruction Using a Peroneus Longus Tendon Graft,eversionandfirstrayplantarflexionmuscles,Orthop J Sports Med,2019,10.1177/2325967119872462,PubMed/MEDLINE,2025-10-12
111,Wu et al. (2019),"Wu C, Xie G, Jin W, Ren Z, Xue J, Yang K",Wu ,[Arthroscopic GraftLink technique reconstruction combined with suture anchor fixation for anterior cruciate ligament and medial collateral ligament injuries],arthroscopicgraftlinktechniquereconstruc,Zhongguo Xiu Fu Chong Jian Wai Ke Za Zhi,2019,10.7507/1002-1892.201812062,PubMed/MEDLINE,2025-10-12
112,Setyawan et al. (2019),"Setyawan R, Soekarno NR, Asikin AIZ, Rhatomy S",Setyawan ,Posterior Cruciate Ligament reconstruction with peroneus longus tendon graft: 2-Years follow-up,posteriorcruciateligamentreconstructionw,Ann Med Surg,2019,10.1016/j.amsu.2019.05.009,PubMed/MEDLINE,2025-10-12
113,Wong et al. (2019),"Wong AK, Calvo M R, Schaffler BC, Nixon RA, Carrero LC, Neufeld EV, Grande DA, Calvo R R",Wong ,Biomechanical and geometric characterization of peroneus longus allografts with respect to age,biomechanicalandgeometriccharacterizatio,Clin Biomech,2019,10.1016/j.clinbiomech.2019.04.017,PubMed/MEDLINE,2025-10-12
114,Sun et al. (2019),"Sun J, Li X, Zhou H, Liu X, Jia J, Xie Q, Peng S, Sun X, Wang Q, Yi L",Sun ,Anti-GAPDH Autoantibody Is Associated with Increased Disease Activity and Intracranial Pressure in Systemic Lupus Erythematosus,anti-gapdhautoantibodyisassociatedwithin,J Immunol Res,2019,10.1155/2019/7430780,PubMed/MEDLINE,2025-10-12
115,Rhatomy et al. (2019),"Rhatomy S, Asikin AIZ, Wardani AE, Rukmoyo T, Lumban-Gaol I, Budhiparama NC",Rhatomy ,Peroneus longus autograft can be recommended as a superior graft to hamstring tendon in single-bundle ACL reconstruction,peroneuslongusautograftcanberecommendeda,Knee Surg Sports Traumatol Arthrosc,2019,10.1007/s00167-019-05455-w,PubMed/MEDLINE,2025-10-12
116,Barrera et al. (2019),"Barrera CM, Ennis H, Delcroix GJ, Kaimrajh D, Milne E, Latta L, Baraga MG",Barrera ,"Supplemental Fixation of Inner Graft Limbs in All-Inside, Quadrupled, Single-Tendon Anterior Cruciate Ligament Reconstruction Graft Construct Yields Improved Biomechanical Properties",supplementalfixationofinnergraftlimbsina,Arthroscopy,2019,10.1016/j.arthro.2018.10.130,PubMed/MEDLINE,2025-10-12
118,Song et al. (2018),"Song X, Li Q, Wu Z, Xu Q, Chen D, Jiang Q",Song ,Predicting the graft diameter of the peroneus longus tendon for anterior cruciate ligament reconstruction,predictingthegraftdiameteroftheperoneusl,Medicine (Baltimore),2018,10.1097/MD.0000000000012672,PubMed/MEDLINE,2025-10-12
119,Shi et al. (2019),"Shi FD, Hess DE, Zuo JZ, Liu SJ, Wang XC, Zhang Y, Meng XG, Cui ZJ, Zhao SP, Li CJ, Hu WN",Shi ,Peroneus Longus Tendon Autograft is a Safe and Effective Alternative for Anterior Cruciate Ligament Reconstruction,peroneuslongustendonautograftisasafeande,J Knee Surg,2019,10.1055/s-0038-1669951,PubMed/MEDLINE,2025-10-12
120,Lord et al. (2018),"Lord BR, Colaco HB, Gupte CM, Wilson AJ, Amis AA",Lord ,ACL graft compression: a method to allow reduced tunnel sizes in ACL reconstruction,aclgraftcompression:amethodtoallowreduce,Knee Surg Sports Traumatol Arthrosc,2018,10.1007/s00167-018-4932-4,PubMed/MEDLINE,2025-10-12
121,Bi et al. (2018),"Bi M, Zhao C, Zhang S, Yao B, Hong Z, Bi Q",Bi ,All-Inside Single-Bundle Reconstruction of the Anterior Cruciate Ligament with the Anterior Half of the Peroneus Longus Tendon Compared to the Semitendinosus Tendon: A Two-Year Follow-Up Study,all-insidesingle-bundlereconstructionoft,J Knee Surg,2018,10.1055/s-0038-1627466,PubMed/MEDLINE,2025-10-12
122,Kraeutler et al. (2018),"Kraeutler MJ, Kim SH, Brown CC, Houck DA, Domby BC, Reynolds KA, McCarty EC",Kraeutler ,Clinical Outcomes Following Primary Anterior Cruciate Ligament Reconstruction with Hamstring Autograft versus Planned Hybrid Graft,clinicaloutcomesfollowingprimaryanterior,J Knee Surg,2018,10.1055/s-0037-1617417,PubMed/MEDLINE,2025-10-12
123,Trulsson et al. (2017),"Trulsson A, Miller M, Gummesson C, Garwicz M",Trulsson ,Associations between altered movement patterns during single-leg squat and muscle activity at weight-transfer initiation in individuals with anterior cruciate ligament injury,associationsbetweenalteredmovementpatter,BMJ Open Sport Exerc Med,2017,10.1136/bmjsem-2016-000131,PubMed/MEDLINE,2025-10-12
124,Palmer et al. (2017),"Palmer JE, Russell JP, Grieshober J, Iacangelo A, Ellison BA, Lease TD, Kim H, Henn RF 3rd, Hsieh AH",Palmer ,A Biomechanical Comparison of Allograft Tendons for Ligament Reconstruction,abiomechanicalcomparisonofallografttendo,Am J Sports Med,2017,10.1177/0363546516671944,PubMed/MEDLINE,2025-10-12
125,Moatshe et al. (2017),"Moatshe G, Brady AW, Slette EL, Chahla J, Turnbull TL, Engebretsen L, LaPrade RF",Moatshe ,Multiple Ligament Reconstruction Femoral Tunnels: Intertunnel Relationships and Guidelines to Avoid Convergence,multipleligamentreconstructionfemoraltun,Am J Sports Med,2017,10.1177/0363546516673616,PubMed/MEDLINE,2025-10-12
126,Aguila et al. (2016),"Aguila CM, Delcroix GJ, Kaimrajh DN, Milne EL, Temple HT, Latta LL",Aguila ,Effects of gamma irradiation on the biomechanical properties of peroneus tendons,effectsofgammairradiationonthebiomechani,Open Access J Sports Med,2016,10.2147/OAJSM.S109156,PubMed/MEDLINE,2025-10-12
127,Crall & Gilmer (2015),"Crall TS, Gilmer BB",Crall ,Anatomic All-Inside Anterior Cruciate Ligament Reconstruction Using Quadriceps Tendon Autograft,anatomicall-insideanteriorcruciateligame,Arthrosc Tech,2015,10.1016/j.eats.2015.08.004,PubMed/MEDLINE,2025-10-12
128,Russell et al. (2017),"Russell C, Pedoia V, Amano K, Potter H, Majumdar S; AF-ACL Consortium",Russell ,Baseline cartilage quality is associated with voxel-based T(1ρ) and T(2) following ACL reconstruction: A multicenter pilot study,baselinecartilagequalityisassociatedwith,J Orthop Res,2017,10.1002/jor.23277,PubMed/MEDLINE,2025-10-12
129,Ames et al. (2016),"Ames PR, Merashli M, Chis Ster I, D'Andrea G, Iannaccone L, Marottoli V, Margaglione M, Brancaccio V",Ames ,Survival in primary antiphospholipid syndrome. A single-centre cohort study,survivalinprimaryantiphospholipidsyndrom,Thromb Haemost,2016,10.1160/TH15-10-0839,PubMed/MEDLINE,2025-10-12
130,Su et al. (2016),"Su F, Pedoia V, Teng HL, Kretzschmar M, Lau BC, McCulloch CE, Link TM, Ma CB, Li X",Su ,The association between MR T1ρ and T2 of cartilage and patient-reported outcomes after ACL injury and reconstruction,theassociationbetweenmrt1ρandt2ofcartila,Osteoarthritis Cartilage,2016,10.1016/j.joca.2016.01.985,PubMed/MEDLINE,2025-10-12
131,Dingenen et al. (2015),"Dingenen B, Janssens L, Luyckx T, Claes S, Bellemans J, Staes FF",Dingenen ,Lower extremity muscle activation onset times during the transition from double-leg stance to single-leg stance in anterior cruciate ligament injured subjects,lowerextremitymuscleactivationonsettimes,Hum Mov Sci,2015,10.1016/j.humov.2015.09.007,PubMed/MEDLINE,2025-10-12
133,Liu et al. (2015),"Liu CT, Lu YC, Huang CH",Liu ,Half-peroneus-longus-tendon graft augmentation for unqualified hamstring tendon graft of anterior cruciate ligament reconstruction,half-peroneus-longus-tendongraftaugmenta,J Orthop Sci,2015,10.1007/s00776-015-0744-2,PubMed/MEDLINE,2025-10-12
134,Gali et al. (2016),"Gali JC, Bernardes Ade P, dos Santos LC, Ferreira TC, Almagro MA, da Silva PA",Gali ,Tunnel collision during simultaneous anterior cruciate ligament and posterolateral corner reconstruction,tunnelcollisionduringsimultaneousanterio,Knee Surg Sports Traumatol Arthrosc,2016,10.1007/s00167-014-3363-0,PubMed/MEDLINE,2025-10-12
135,Nazem et al. (2014),"Nazem K, Barzegar M, Hosseini A, Karimi M",Nazem ,Can we use peroneus longus in addition to hamstring tendons for anterior cruciate ligament reconstruction?,canweuseperoneuslongusinadditiontohamstr,Adv Biomed Res,2014,10.4103/2277-9175.132696,PubMed/MEDLINE,2025-10-12
136,Biskup et al. (2014),"Biskup J, Freeman A, Camisa W, Innes J, Conzemius M",Biskup ,Mechanical properties of canine patella-ligament-tibia segment,mechanicalpropertiesofcaninepatella-liga,Vet Surg,2014,10.1111/j.1532-950X.2013.12109.x,PubMed/MEDLINE,2025-10-12
137,Karimi et al. (2013),"Karimi M, Fatoye F, Mirbod SM, Omar H, Nazem K, Barzegar MR, Hosseini A",Karimi ,Gait analysis of anterior cruciate ligament reconstructed subjects with a combined tendon obtained from hamstring and peroneus longus,gaitanalysisofanteriorcruciateligamentre,Knee,2013,10.1016/j.knee.2013.07.007,PubMed/MEDLINE,2025-10-12
139,Chan et al. (2010),"Chan DB, Temple HT, Latta LL, Mahure S, Dennis J, Kaplan LD",Chan ,"A biomechanical comparison of fan-folded, single-looped fascia lata with other graft tissues as a suitable substitute for anterior cruciate ligament reconstruction","abiomechanicalcomparisonoffan-folded,sin",Arthroscopy,2010,10.1016/j.arthro.2010.03.019,PubMed/MEDLINE,2025-10-12
141,Kerimoglu et al. (2009),"Kerimoğlu S, Koşucu P, Livaoğlu M, Yükünç I, Turhan AU",Kerimoğlu ,Magnetic resonance imagination of the peroneus longus tendon after anterior cruciate ligament reconstruction,magneticresonanceimaginationoftheperoneu,Knee Surg Sports Traumatol Arthrosc,2009,10.1007/s00167-008-0626-7,PubMed/MEDLINE,2025-10-12
142,Kerimoğlu et al. (2008),"Kerimoğlu S, Aynaci O, Saraçoğlu M, Aydin H, Turhan AU",Kerimoğlu ,[Anterior cruciate ligament reconstruction with the peroneus longus tendon],[anteriorcruciateligamentreconstructionw,Acta Orthop Traumatol Turc,2008,10.3944/aott.2008.038,PubMed/MEDLINE,2025-10-12
143,Pearsall et al. (2003),"Pearsall AW 4th, Hollis JM, Russell GV Jr, Scheer Z",Pearsall ,A biomechanical comparison of three lower extremity tendons for ligamentous reconstruction about the knee,abiomechanicalcomparisonofthreelowerextr,Arthroscopy,2003,10.1016/j.arthro.2003.10.015,PubMed/MEDLINE,2025-10-12
144,Shino et al. (1995),"Shino K, Oakes BW, Horibe S, Nakata K, Nakamura N",Shino ,Collagen fibril populations in human anterior cruciate ligament allografts. Electron microscopic analysis,collagenfibrilpopulationsinhumananterior,Am J Sports Med,1995,10.1177/036354659502300213,PubMed/MEDLINE,2025-10-12
146,Jabeen et al. (2025),"Jabeen A, Makker C, Sharmeen M, Baogi Z, Fathima AL",Jabeen ,Peroneus longus a surgical ally: bilateral and sex based morphometric cadaveric study of its muscle and tendon,peroneuslongusasurgicalally:bilateraland,International Journal of Life Sciences Biotechnology and Pharma Research,2025,10.69605/ijlbpr_14.10.2025.26,Embase,2025-10-15
149,Kumar et al. (2025),"Kumar K, Rao V, Panda AK, Joshi D",Kumar ,Peroneus Longus Tendon Versus Hamstring Tendon Autograft for Primary Anterior Cruciate Ligament Reconstruction: A Systematic Review and Meta-analysis of Comparative Studies,peroneuslongustendonversushamstringtendo,Orthopaedic Journal of Sports Medicine,2025,10.1177/23259671251374313,Embase,2025-10-15
150,Lu et al. (2025),"Lu S, Ye Z, Zhao J",Lu ,Comparative study of three-in-one procedure versus combined anterior cruciate ligament and anterolateral structure reconstruction for revision of anterior cruciate ligament reconstruction,comparativestudyofthree-in-oneprocedurev,Chinese Journal of Orthopaedics,2025,10.3760/cma.j.cn121113-20250103-00010,Embase,2025-10-15
153,Savery & Shankarlal (2025),"Savery VB, Shankarlal K",Savery ,Functional Outcomes In Arthroscopic Anterior Cruciate Ligament Reconstruction Using Peroneus Longus Tendon Graft- Most Promising Autograft,functionaloutcomesinarthroscopicanterior,International Journal of Life Sciences Biotechnology and Pharma Research,2025,10.69605/ijlbpr_14.8.2025.46,Embase,2025-10-15
154,Opoku et al. (2025),"Opoku M, Abdramane AM, Abdirahman A, Fang M, Li Y, Xiao W",Opoku ,Can peroneus longus tendon autograft become an alternative to hamstring tendon autograft for anterior cruciate ligament reconstruction: a systematic review and meta-analysis of comparative studies,canperoneuslongustendonautograftbecomean,Journal of orthopaedic surgery and research,2025,10.1186/s13018-025-06080-9,Embase,2025-10-15
155,Arora & Shah (2025),"Arora M, Shah J",Arora ,Peroneus longus autograft with lateral extra-articular tenodesis for revision anterior cruciate ligament surgery has excellent short-term outcomes,peroneuslongusautograftwithlateralextra-,Journal of Arthroscopic Surgery and Sports Medicine,2025,10.25259/JASSM_6_2025,Embase,2025-10-15
156,Charan et al. (2025),"Charan Teja KV, Kumar S, Kumar A, Haripriya H",Charan ,Long-term outcomes of anterior cruciate ligament reconstruction: Peroneus longus versus hamstring tendons,long-termoutcomesofanteriorcruciateligam,Journal of Arthroscopic Surgery and Sports Medicine,2025,10.25259/JASSM_46_2024,Embase,2025-10-15
158,Pardhasaradhy et al. (2025),"Pardhasaradhy M, Shipra T, Babu SK, Kumar KR",Pardhasaradhy ,Hamstring vs peroneous longus autograft for arthroscopic ACL reconstruction-which is better for Indian population?,hamstringvsperoneouslongusautograftforar,International Journal of Life Sciences Biotechnology and Pharma Research,2025,10.69605/ijlbpr_14.7.2025.154,Embase,2025-10-15
162,,,,Peroneus Longus Tendon Provides Thicker Longer Graft and Better Functional Outcomes as Compared to Semitendinosus Tendon at Minimum 18 Months Follow up: Assessment Done Using Modified All Inside ACL Reconstruction Technique,peroneuslongustendonprovidesthickerlonge,Journal of ISAKOS,2025,10.1016/j.jisako.2025.100495,Embase,2025-10-15
163,Rehncy et al. (2025),"Rehncy JS, Bakshi AS, Mangoch R, Sahni G, Mehta H, Seth A, Kumar H, Kumar A",Rehncy ,A PROSPECTIVE STUDY OF ARTHROSCOPIC PRIMARY ACL RECONSTRUCTION WITH IPSILATERAL PERONEUS LONGUS TENDON GRAFT,aprospectivestudyofarthroscopicprimaryac,International Journal of Current Pharmaceutical Research,2025,10.22159/ijcpr.2025v17i3.55049,Embase,2025-10-15
164,Shevate et al. (2025),"Shevate IR, Khajanchi SA, Salunkhe R, Cheemala VR",Shevate ,Delayed Primary Repair of Patella Tendon Tear with Autologous Soft-tissue Graft Augmentation: A Report of Two Cases,delayedprimaryrepairofpatellatendontearw,Journal of Clinical and Diagnostic Research,2025,10.7860/JCDR/2025/77872.21019,Embase,2025-10-15
169,Xia et al. (2025),"Xia W, Tan Y, Mei B, Zhou Y, Tan J, Pubu Z, Sang B, Jiang T",Xia ,Application of Interpretable Machine Learning Models to Predict the Risk Factors of HBV-Related Liver Cirrhosis in CHB Patients Based on Routine Clinical Data: A Retrospective Cohort Study,applicationofinterpretablemachinelearnin,Journal of Medical Virology,2025,10.1002/jmv.70302,Embase,2025-10-15
171,Kate et al. (2025),"Kate A, Sawarbandhe S, Agrawal P",Kate ,Functional Assessment of Arthroscopic ACL Reconstruction with Peroneus Longus Autograft: A Prospective Study,functionalassessmentofarthroscopicaclrec,SSR Institute of International Journal of Life Sciences,2025,10.21276/SSR-IIJLS.2025.11.2.24,Embase,2025-10-15
172,Metze et al. (2025),"Metze M, Zimmermann S, Kirsten H, Werdehausen R, Veelken R, van Bömmel F, Denecke T, Meyer H-J, Ebel S, Struck MF",Metze ,Effects of Protamine Reversal on Coagulation Parameters After High-Dose Heparin Administration in Percutaneous Hepatic Chemosaturation Intervention,effectsofprotaminereversaloncoagulationp,Clinics and Practice,2025,10.3390/clinpract15020038,Embase,2025-10-15
174,Perelli et al. (2025),"Perelli S, Messori M, Dueñas J, Pizza N, Avalos RM, Ibañez M, Monllau JC",Perelli ,Augmented Over-The-Top Technique for Revision Anterior Cruciate Ligament Reconstruction,augmentedover-the-toptechniqueforrevisio,Arthroscopy Techniques,2025,10.1016/j.eats.2025.103856,Embase,2025-10-15
177,Khou et al. (2024),"Khou SB, Saki F, Tahayori B",Khou ,Muscle activation in the lower limb muscles in individuals with dynamic knee valgus during single-leg and overhead squats: a meta-analysis study,muscleactivationinthelowerlimbmusclesini,BMC Musculoskeletal Disorders,2024,10.1186/s12891-024-07759-6,Embase,2025-10-15
179,Sakti et al. (2024),"Sakti M, Saleh R, Arifin J, Usman MA, Mirasari I",Sakti ,Novel modified implant fixation technique for arthroscopic anterior cruciate ligament reconstruction using hamstring and peroneus longus autografts in limited resource settings: a comparative study on knee stability,novelmodifiedimplantfixationtechniquefor,Chirurgia,2024,10.23736/S0394-9508.24.05789-9,Embase,2025-10-15
180,Joshi et al. (2024),"Joshi T, Soni V, Vashistha D",Joshi ,Arthroscopic ACL reconstruction- PLT vs Semitendinosus graft- A Comparative study,arthroscopicaclreconstruction-pltvssemit,International Journal of Life Sciences Biotechnology and Pharma Research,2024,10.69605/ijlbpr_13.12.2024.156,Embase,2025-10-15
183,Sami et al. (2024),"Sami A, Ankit, Nair AK, Jain V",Sami ,A prospective study of functional outcome of anterior cruciate ligament reconstruction using autologous peroneus longus graft,aprospectivestudyoffunctionaloutcomeofan,Journal of Clinical Orthopaedics and Trauma,2024,10.1016/j.jcot.2024.102655,Embase,2025-10-15
184,Nemani et al. (2024),"Nemani M, Devgun A, Rathore R",Nemani ,Peroneus Longus Versus Quadrupled Hamstring Autograft for Anterior Cruciate Ligament Reconstruction: A Comparative Analysis,peroneuslongusversusquadrupledhamstringa,Journal of Clinical Orthopaedics and Trauma,2024,10.1016/j.jcot.2024.102746,Embase,2025-10-15
185,Rahman et al. (2024),"Rahman HAAMA, Sallam HEEH, Badr AMAA",Rahman ,Reconstruction of Anterior Cruciate Ligament Using Peroneus Longus Autograft. Systematic Review,reconstructionofanteriorcruciateligament,QJM: An International Journal of Medicine,2024,10.1093/qjmed/hcae175.665,Embase,2025-10-15
186,Xu et al. (2024),"Xu D, Zhou H, Wang M, Ma X, Gusztav F, Chon T-E, Fernandez J, Baker JS, Gu Y",Xu ,Contribution of ankle motion pattern during landing to reduce the knee-related injury risk,contributionofanklemotionpatternduringla,Computers in Biology and Medicine,2024,10.1016/j.compbiomed.2024.108965,Embase,2025-10-15
190,Park et al. (2024),"Park JY, Fernandes A, Park SY, Lim H, Sayudo IF, Leibovitch L, Machinski E, Ha J",Park ,Comparative effectiveness of peroneus longus tendon (PLT) autografts versus hamstring tendon (HT) autografts in anterior cruciate ligament reconstruction: a comprehensive systematic review and meta analysis,comparativeeffectivenessofperoneuslongus,European Journal of Orthopaedic Surgery and Traumatology,2024,10.1007/s00590-024-03984-w,Embase,2025-10-15
192,Li et al. (2024),"Li L, Li X, Hei Z, Liu H",Li ,Effect of graft type on knee function after anterior cruciate ligament reconstruction,effectofgrafttypeonkneefunctionafterante,Chinese Journal of Tissue Engineering Research,2024,10.12307/2024.478,Embase,2025-10-15
196,Zou et al. (2024),"Zou Y, Zeng S, Huang C, Liu L, Li L",Zou ,The value of fibrinogen combined with D-dimer and neonatal weight in predicting postpartum hemorrhage in vaginal delivery,thevalueoffibrinogencombinedwithd-dimera,Journal of Perinatal Medicine,2024,10.1515/jpm-2023-0351,Embase,2025-10-15
197,Shu et al. (2024),"Shu Q, Zhang X, Sun S, Che Q, Li X, Li J, Liu Q",Shu ,"THE EFFICACY AND SAFETY OF TELITACICEPT FOLLOWING RITUXIMAB IMMUNOTHERAPY ON ANTIPHOSPHOLIPID SYNDROME, A PROSPECTIVE 24 WEEKS STUDY",theefficacyandsafetyoftelitaciceptfollow,Annals of the Rheumatic Diseases,2024,10.1136/annrheumdis-2024-eular.954,Embase,2025-10-15
198,Khater et al. (2024),"Khater AH, Hemida MA, Ghonim SSE",Khater ,Anterior Cruciate Ligament Reconstruction using Peroneus Longus Tendon Autograft (Systematic Review and Meta- Analysis),anteriorcruciateligamentreconstructionus,QJM: An International Journal of Medicine,2024,10.1093/qjmed/hcae070.407,Embase,2025-10-15
199,Conyer et al. (2024),"Conyer RT, Wang AS, Langhans MT, Krych AJ, Hevesi M, Okoroha KR, Stuart MJ, Levy BA",Conyer ,Association of Posterior Tibial Slope With Outcomes After Multiligamentous Knee Reconstruction for Knee Dislocation Grades 2 to 4,associationofposteriortibialslopewithout,Orthopaedic Journal of Sports Medicine,2024,10.1177/23259671241249473,Embase,2025-10-15
200,Delcogliano et al. (2024),"Delcogliano M, Sangiorgio A, Bensa A, Andriolo L, Boffa A, Filardo G",Delcogliano ,Platelet-rich plasma augmentation in anterior cruciate ligament reconstruction: Evidence is still too scattered. A scoping review of randomised controlled trials,platelet-richplasmaaugmentationinanterio,"Knee surgery, sports traumatology, arthroscopy : official journal of the ESSKA",2024,10.1002/ksa.12127,Embase,2025-10-15
201,Quinn et al. (2024),"Quinn M, Byrne RA, Albright JA, Testa E, Ahn B, Lemme N, Petit L, Blankenhorn B, Owens BD",Quinn ,Peroneus Longus Tendon Autograft May Present a Viable Alternative for Anterior Cruciate Ligament Reconstruction: A Systematic Review,peroneuslongustendonautograftmaypresenta,Arthroscopy - Journal of Arthroscopic and Related Surgery,2024,10.1016/j.arthro.2023.10.016,Embase,2025-10-15
205,Viswanathan et al. (2024),"Viswanathan VK, Iyengar KP, Jain VK",Viswanathan ,The role of peroneus longus (PL) autograft in the reconstruction of anterior cruciate ligament (ACL): A comprehensive narrative review,theroleofperoneuslongus(pl)autograftinth,Journal of Clinical Orthopaedics and Trauma,2024,10.1016/j.jcot.2024.102352,Embase,2025-10-15
213,Ali et al. (2024),"Ali M, El-Shafie M, El-Sheikh M, Waly A",Ali ,Prospective comparative study between peroneus longus tendon autograft and hamstring tendons autograft in single bundle ACL reconstruction,prospectivecomparativestudybetweenperone,Alexandria Journal of Medicine,2024,10.1080/20905068.2024.2413316,Embase,2025-10-15
214,Yamini et al. (2024),"Yamini G, Niranjan G, Kumar DV, Kemsarapu R",Yamini ,A PROSPECTIVE STUDY OF FUNCTIONAL ASSESSMENT OF ANTERIOR CRUCIATE LIGAMENT RECONSTRUCTION USING VARIOUS GRAFTS,aprospectivestudyoffunctionalassessmento,International Journal of Academic Medicine and Pharmacy,2024,10.47009/jamp.2024.6.4.85,Embase,2025-10-15
216,Siddique et al. (2024),"Siddique MS, Chhutani D, Vatsa A",Siddique ,Comparative Study Between Functional Outcome of Knee with ACL Recontruction Using Hamstring Graft vs Peroneus longus Graft,comparativestudybetweenfunctionaloutcome,Research Journal of Medical Sciences,2024,10.59218/makrjms.2024.3.254.259,Embase,2025-10-15
217,Prasad et al. (2024),"Prasad K, Biradar RK, Patil VK, Kembhavi R, Prashant K, Khodnapur G",Prasad ,A PROSPECTIVE STUDY ON THE FUNCTIONAL OUTCOMES OF PRIMARY ANTERIOR CRUCIATE LIGAMENT RECONSTRUCTION TREATED WITH PERONEUS LONGUS AUTOGRAFT,aprospectivestudyonthefunctionaloutcomes,International Journal of Academic Medicine and Pharmacy,2024,10.47009/jamp.2024.6.5.90,Embase,2025-10-15
218,Basavarajanna et al. (2024),"Basavarajanna S, Vanamali, Sreekuamr S, Sathish Babu DG",Basavarajanna ,FUNCTIONAL OUTCOME AND DONOR SITE MORBIDITY IN ARTHROSCOPIC ANTERIOR CRUCIATE LIGAMENT RECONSTRUCTION USING PERONEUS LONGUS TENDON AUTOGRAFT: A PROSPECTIVE COHORT STUDY,functionaloutcomeanddonorsitemorbidityin,International Journal of Academic Medicine and Pharmacy,2024,10.47009/jamp.2024.6.6.30,Embase,2025-10-15
219,Gazda et al. (2024),"Gazda A, Naishtetik I, Kołodziejczyk B, Gietka P, Kulig J, Łaguna P",Gazda ,"ANTIPHOSPHOLIPID SYNDROME WITH THROMBOSIS OF THE SUPERIOR VENA CAVA, BRACHIOCEPHALIC, SUBCLAVIAN, EXTERNAL CAROTID, INTERNAL CAROTID VEINS, AND RIGHT SIDE OF THE SIGMOID SINUS OF THE BRAIN IN A 14-YEAR-OLD PATIENT: CASE REPORT",antiphospholipidsyndromewiththrombosisof,Lupus Science and Medicine,2024,10.1136/lupus-2024-el.57,Embase,2025-10-15
224,Tensho et al. (2023),"Tensho K, Kumaki D, Yoshida K, Shimodaira H, Horiuchi H, Takahashi J",Tensho ,Posterior Opening-Wedge Osteotomy for Posterior Tibial Slope Correction of Failed Anterior Cruciate Ligament Reconstruction,posterioropening-wedgeosteotomyforposter,Arthroscopy Techniques,2023,10.1016/j.eats.2023.07.059,Embase,2025-10-15
226,Friedman & Madsen (2023),"Friedman AMH, Madsen LP",Friedman ,Perceived ankle instability and cutaneous reflex modulation during gait,perceivedankleinstabilityandcutaneousref,Physiological Reports,2023,10.14814/phy2.15880,Embase,2025-10-15
240,Lubis  (2023),Lubis AMT,Lubis ,Holy Grail of ACL Reconstruction Grafts,holygrailofaclreconstructiongrafts,Orthopaedic Journal of Sports Medicine,2023,10.1177/2325967121S00839,Embase,2025-10-15
241,Aryana et al. (2023),"Aryana IGNW, Pramana IGNBA, Prayudi IBD, Dwipayana AAK, Kristian AW",Aryana ,Peroneous Longus Tendon Versus Hamstring Tendon Autograft On Anterior Cruciate Ligament Reconstruction: A Meta-Analysis and Systematic Review,peroneouslongustendonversushamstringtend,Orthopaedic Journal of Sports Medicine,2023,10.1177/2325967121S00889,Embase,2025-10-15
248,Lopez et al. (2022),"Lopez M, Rossi P, Vainstein T, Diaz B, Barrera L, Martinuzzo M",Lopez ,Monitoring of hemostasis and heparinization of neonates undergoing cardiac surgery (CS) using viscoelastic testing (VT) and standard laboratory test (SLT),monitoringofhemostasisandheparinizationo,Research and Practice in Thrombosis and Haemostasis,2022,10.1002/rth2.12788,Embase,2025-10-15
250,Pelock et al. (2022),"Pelock A, Aronson CA, Lenihan J",Pelock ,Decreasing Wastage of Low Titer Group O Whole Blood,decreasingwastageoflowtitergroupowholebl,Transfusion,2022,10.1111/trf.17058,Embase,2025-10-15
251,Chalidis et al. (2022),"Chalidis B, Pitsilos C, Kitridis D, Givissis P",Chalidis ,Graft choices for anterolateral ligament knee reconstruction surgery: Current concepts,graftchoicesforanterolateralligamentknee,World Journal of Clinical Cases,2022,10.12998/wjcc.v10.i24.8463,Embase,2025-10-15
253,Wujcicka et al. (2022),"Wujcicka WI, Kacerovsky M, Krygier A, Krekora M, Kaczmarek P, Grzesiak M",Wujcicka ,"Association of Single Nucleotide Polymorphisms from Angiogenesis-Related Genes, ANGPT2, TLR2 and TLR9, with Spontaneous Preterm Labor",associationofsinglenucleotidepolymorphis,Current Issues in Molecular Biology,2022,10.3390/cimb44070203,Embase,2025-10-15
254,Helal et al. (2022),"Helal A, Marie A, El-Forse E-S",Helal ,The â€œFigure of Fourâ€ Reconstruction of the Medial Collateral Ligaments in the Setting of Anteromedial Rotatory Knee Instability Using a Single Autograft,theâ€œfigureoffourâ€reconstructionofthe,Arthroscopy Techniques,2022,10.1016/j.eats.2022.03.003,Embase,2025-10-15
255,Xie et al. (2022),"Xie D, Murray J, Lartey R, Gaj S, Li M, Kim J, Eck B, Winalski C, Altahawi F, Jones M, Huston L, Harkins K, Merrin L, Knopp M, Kaeding C, Spindler K, Li X",Xie ,ACL Reconstructed Knees Had Significantly Higher MR T1Ï and T2 Values in Cartilage but not in Meniscus Compared to Contralateral Knees at 10 Years after ACL Reconstruction,aclreconstructedkneeshadsignificantlyhig,Orthopaedic Journal of Sports Medicine,2022,10.1177/2325967121S00565,Embase,2025-10-15
256,Vijay et al. (2022),"Vijay C, Santosh MS, Avinash C, Adarsh T",Vijay ,Is Peroneus longus autograft a better alternative to the Hamstring autograft for anterior cruciate ligament reconstruction? â€“ A randomised control study,isperoneuslongusautograftabetteralternat,"Journal of Orthopaedics, Trauma and Rehabilitation",2022,10.1177/22104917221088335,Embase,2025-10-15
257,Gunadham & Woratanarat (2022),"Gunadham U, Woratanarat P",Gunadham ,A retrospective cohort study of anterior half peroneus longus tendon vs hamstring tendon for anterior cruciate ligament reconstruction: A minimum 3-years follow-up,aretrospectivecohortstudyofanteriorhalfp,"Journal of Orthopaedics, Trauma and Rehabilitation",2022,10.1177/22104917221085722,Embase,2025-10-15
260,Girelli et al. (2022),"Girelli F, Asioli S, Galassi R, Tirotta D, Bellini C, Bernardi S, Gardelli L, Petrini L, Fabbri E, Muratori P",Girelli ,CORRELATIONS between PATHOLOGIC SUBSETS and PET METABOLIC ACTIVITY in A MONOCENTRIC COHORT of 46 PATIENTS with BIOPSY PROVEN TEMPORAL ARTERITIS. AN OBSERVATIONAL RETROSPECTIVE ANALYSIS,correlationsbetweenpathologicsubsetsandp,Annals of the Rheumatic Diseases,2022,10.1136/annrheumdis-2022-eular.3247,Embase,2025-10-15
261,Malige et al. (2022),"Malige A, Baghdadi S, Hast MW, Schmidt EC, Shea KG, Ganley TJ",Malige ,Biomechanical properties of common graft choices for anterior cruciate ligament reconstruction: A systematic review,biomechanicalpropertiesofcommongraftchoi,Clinical Biomechanics,2022,10.1016/j.clinbiomech.2022.105636,Embase,2025-10-15
265,Damiati et al. (2022),"Damiati LA, Bahlas S, Aljohaney A, Bawazir Y, Mustafa M, Denetiu I, Pushparaj PN",Damiati ,"Implications of SARS-CoV-2 infection on the clinical, hematological, and inflammatory parameters in COVID-19 patients: A retrospective cross-sectional study",implicationsofsars-cov-2infectiononthecl,Journal of Infection and Public Health,2022,10.1016/j.jiph.2021.12.013,Embase,2025-10-15
268,Phatama et al. (2021),"Phatama KY, Darmawansa R, Oktafandi IGNAA, Cendikiawan F, Pribadi A, Siahaan LD, Rhatomy S, Mustamsir E",Phatama ,Higher rate of patellofemoral problems after anterior cruciate ligament reconstruction using hamstring autograft,higherrateofpatellofemoralproblemsaftera,Open Access Macedonian Journal of Medical Sciences,2021,10.3889/oamjms.2021.6626,Embase,2025-10-15
269,Drogset et al. (2021),"Drogset JO, Størset KH, Nitteberg TM, Gifstad T",Drogset ,Clinical outcome after knee ligament reconstruction with tendon allografts,clinicaloutcomeafterkneeligamentreconstr,Journal of Experimental Orthopaedics,2021,10.1186/s40634-021-00331-4,Embase,2025-10-15
270,Prandi et al. (2021),"Prandi FR, Milite M, Celotto R, Lecis D, Marchei M, Romeo F, Barillà F",Prandi ,ACS-STEMI in a young man with triple positive antiphospholipid syndrome: Clinical implications about antithrombotic therapy management,acs-stemiinayoungmanwithtriplepositivean,"European Heart Journal, Supplement",2021,10.1093/eurheartj/suab140.047,Embase,2025-10-15
271,Cruz et al. (2021),"Cruz JNK, Santiago JP, Jurilla RC, How P",Cruz ,A NOVEL OPERATIVE TECHNIQUE IN HARVESTING PERONEUS LONGUS TENDON FOR ARTHROSCOPIC RECONSTRUCTION IN COMBINED ANTERIOR AND POSTERIOR CRUCIATE LIGAMENT TEARS,anoveloperativetechniqueinharvestingpero,Journal of ISAKOS,2021,10.1136/jisakos-2021-congress.393,Embase,2025-10-15
273,He et al. (2021),"He J, Tang Q, Ernst S, Linde MA, Smolinski P, Wu S, Fu F",He ,Peroneus longus tendon autograft has functional outcomes comparable to hamstring tendon autograft for anterior cruciate ligament reconstruction: a systematic review and meta-analysis,peroneuslongustendonautografthasfunction,"Knee surgery, sports traumatology, arthroscopy : official journal of the ESSKA",2021,10.1007/s00167-020-06279-9,Embase,2025-10-15
276,Ming-Jin et al. (2021),"Ming-Jin Z, Kan O, Weimin Z",Ming-Jin ,Letter to the Editor,lettertotheeditor,Journal of Orthopaedic Research,2021,10.1002/jor.24796,Embase,2025-10-15
277,Marín et al. (2021),"Marín Fermín T, Hovsepian JM, Symeonidis PD, Terzidis I, Papakostas ET",Marín ,Insufficient evidence to support peroneus longus tendon over other autografts for primary anterior cruciate ligament reconstruction: A systematic review,insufficientevidencetosupportperoneuslon,Journal of ISAKOS,2021,10.1136/jisakos-2020-000501,Embase,2025-10-15
278,Sammaritano et al. (2021),"Sammaritano L, Fischer-Betz R, Bonfá E",Sammaritano ,Reproductive health in SLE,reproductivehealthinsle,Lupus Science and Medicine,2021,10.1136/lupus-2021-la.22,Embase,2025-10-15
282,Michalak et al. (2021),"Michalak A, Cichoż-Lach H, Guz M, Kozicka J, Cybulski M, Jeleniewicz W",Michalak ,Plateletcrit and Mean Platelet Volume in the Evaluation of Alcoholic Liver Cirrhosis and Nonalcoholic Fatty Liver Disease Patients,plateletcritandmeanplateletvolumeintheev,BioMed Research International,2021,10.1155/2021/8867985,Embase,2025-10-15
285,Sahu et al. (2021),"Sahu MM, Pragassame AS, Mohanty P, Sahoo PK",Sahu ,Evaluation of donor ankle function after harvesting Peroneus Longus Tendon Graft for Anterior Cruciate Ligament Reconstruction-A prospective cohort study,evaluationofdonoranklefunctionafterharve,Journal of Clinical and Diagnostic Research,2021,10.7860/JCDR/2021/49882.15383,Embase,2025-10-15
286,Ertogrul et al. (2021),"Ertogrul R, Varol A, Oc Y, Kilinc BE",Ertogrul ,Is Peroneus Longus Allograft Good Alternative for Anterior Cruciate Ligament Reconstruction: a Comparison Study,isperoneuslongusallograftgoodalternative,Acta Chirurgiae Orthopaedicae et Traumatologiae Cechoslovaca,2021,10.55095/achot2021/010,Embase,2025-10-15
288,Reis et al. (2021),"Reis J, Marques J, Simão L, Silva P, Rodrigues T, Sousa A, Diamantino IJ, Valido F",Reis ,Adjusting pre-analytical criteria in order to minimize impact on cancer patients,adjustingpre-analyticalcriteriainorderto,Clinical Chemistry and Laboratory Medicine,2021,10.1515/cclm-2021-0360,Embase,2025-10-15
290,Baluta & Piotrowski (2020),"Baluta Przybylska Z, Piotrowski D",Baluta ,"The quality of routinely produced, pathogenreduced therapeutic FFP units by pooling of 5 single plasma units and splitting into 6 therapeutic units complies with polish and european requirements","thequalityofroutinelyproduced,pathogenre",Vox Sanguinis,2020,10.1111/vox.13031,Embase,2025-10-15
293,Miglio et al. (2020),"Miglio A, Falcinelli E, Mezzasoma AM, Gresele P, Antognoni MT",Miglio ,Changes in blood coagulation and platelet aggregation induced by incremental longÃ¢term training in young thoroughbred racehorses during first workout season,changesinbloodcoagulationandplateletaggr,Veterinary Clinical Pathology,2020,10.1111/vcp.12901,Embase,2025-10-15
298,Hayu et al. (2020),"Hayu Kusumastutia A, Rukmoyo T, Spine S, Rhatomy S, Sakti YM",Hayu ,Anterior cruciatel ligament reconstruction with peroneus longus tendon autograft: Functionaloutcome and donor site morbidity,anteriorcruciatelligamentreconstructionw,Orthopaedic Journal of Sports Medicine,2020,10.1177/2325967120S00084,Embase,2025-10-15
299,Wicaksono et al. (2020),"Wicaksono FH, Rhatomy S, Budipharama NC",Wicaksono ,Ankle eversion and first ray plantar flexion muscle strength after peroneus longus tendon harvest for anterior cruciate ligament reconstruction,ankleeversionandfirstrayplantarflexionmu,Orthopaedic Journal of Sports Medicine,2020,10.1177/2325967120S00071,Embase,2025-10-15
300,Rhatomy et al. (2020),"Rhatomy S, Primasara S, Budhiparama NC, Wahjudi C, Setyawan R, Edison T",Rhatomy ,Functional outcomes and hop tests results in acl reconstruction patients with adjustable loop fixation: 2 years follow-up,functionaloutcomesandhoptestsresultsinac,Orthopaedic Journal of Sports Medicine,2020,10.1177/2325967120S00072,Embase,2025-10-15
301,Rhatomy et al. (2020),"Rhatomy S, Wahjudi C, Prasetyo TE, Setyawan R, Budhiparama NC",Rhatomy ,Functional outcomes and hop tests results in anterior cruciate ligament reconstruction patients with adjustable loop fixation: 2-years follow-up,functionaloutcomesandhoptestsresultsinan,Open Access Macedonian Journal of Medical Sciences,2020,10.3889/oamjms.2020.5260,Embase,2025-10-15
302,Rhatomy et al. (2020),"Rhatomy S, Kisworo B, Prihargono B, Rashid FA, Kressoni N",Rhatomy ,Peroneus longus tendon regeneration after anterior cruciate ligament reconstruction with magnetic resonance imaging evaluation,peroneuslongustendonregenerationafterant,Open Access Macedonian Journal of Medical Sciences,2020,10.3889/oamjms.2020.5487,Embase,2025-10-15
303,Shi et al. (2020),"Shi W, Guo Z, Deng H, Shen Y, Shi L, Wu S, Huang Z",Shi ,Systematic evaluation of anterior cruciate ligament reconstruction with peroneus longus tendon and hamstring tendon,systematicevaluationofanteriorcruciateli,Chinese Journal of Tissue Engineering Research,2020,10.3969/j.issn.2095-4344.1964,Embase,2025-10-15
317,Aronson et al. (2018),"Aronson CA, Papari M, Pelock A, Walsh JJ, Hamilton J",Aronson ,Septic transfusion reaction to apheresis platelets with negative point of issue testing,septictransfusionreactiontoapheresisplat,Transfusion,2018,10.1111/trf.14903,Embase,2025-10-15
322,Lord et al. (2017),"Lord BR, Colagco H, Gupta CM, Wilson AJ, Amis AA",Lord ,Graft compression in ACL reconstruction,graftcompressioninaclreconstruction,Knee,2017,10.1016/j.knee.2017.08.029,Embase,2025-10-15
326,Aronson et al. (2017),"Aronson CA, Halperin E, Breining S, Papari M",Aronson ,Auditing massive transfusion protocol,auditingmassivetransfusionprotocol,Transfusion,2017,10.1111/trf.14286,Embase,2025-10-15
327,Lei et al. (2017),"Lei Z, Xin Z, Ji Q, Tai-yuan G, Li-jun X, Guo-you W, Shi-jie F, Yi-kai L",Lei ,Anterior cruciate ligament reconstruction with autologous ipsilateral 1/2 peroneus longus tendon,anteriorcruciateligamentreconstructionwi,Chinese Journal of Tissue Engineering Research,2017,10.3969/j.issn.2095-4344.2017.24.008,Embase,2025-10-15
331,Vap et al. (2017),"Vap AR, Schon JM, Moatshe G, Cruz R, Brady A, Turnbull TL, LaPrade RF",Vap ,Internal and external rotation stabilizers of the knee with intact cruciate and collateral ligaments: A biomechanical study,internalandexternalrotationstabilizersof,Orthopaedic Journal of Sports Medicine,2017,10.1177/2325967117S00129,Embase,2025-10-15
332,Hangody et al. (2017),"Hangody G, Szebényi G, Abonyi B, Kiss R, Hangody L, Pap K",Hangody ,Does a different dose of gamma irradiation have the same effect on five different types of tendon allografts? â€” a biomechanical study,doesadifferentdoseofgammairradiationhave,International Orthopaedics,2017,10.1007/s00264-016-3336-7,Embase,2025-10-15
333,Ertoǧrul et al. (2017),"Ertoǧrul R, Basri Sezer H, Armaǧan R, Kanar M, Eren OT",Ertoǧrul ,Comparison of clinical outcomes after anterior cruciate ligament reconstruction with autogenous hamstring tendons and peroneus longus allograft,comparisonofclinicaloutcomesafteranterio,Orthopaedic Journal of Sports Medicine,2017,10.1177/2325967117S00042,Embase,2025-10-15
335,"Rudy, et al. (2017)","Rudy, Mustamsir E, Phatama KY","Rudy, ",Tensile strength comparison between peroneus longus and hamstring tendons: A biomechanical study,tensilestrengthcomparisonbetweenperoneus,International Journal of Surgery Open,2017,10.1016/j.ijso.2017.10.002,Embase,2025-10-15
336,Estermann et al. (2016),"Estermann AS, Nösberger L, Stammler L, Von Tscharner V, Göpfert B",Estermann ,Anticipated muscular synchronization between walking on flat and cross-sloped surface,anticipatedmuscularsynchronizationbetwee,Gait and Posture,2016,10.1016/j.gaitpost.2016.07.124,Embase,2025-10-15
338,Kraeutler et al. (2016),"Kraeutler M, Kim S, Brown C, Houck D, Domby B, Reynolds K, Mccarty E",Kraeutler ,A matched-pair comparison of patient reported outcomes following primary ACL reconstruction with hamstring autograft vs hybrid graft,amatched-paircomparisonofpatientreported,Arthroscopy - Journal of Arthroscopic and Related Surgery,2016,10.1016/j.arthro.2016.03.044,Embase,2025-10-15
340,Hangody et al. (2016),"Hangody Gy, Pánics G, SzebÃnyi G, Kiss R, Hangody L, Pap K",Hangody ,Pitfalls during biomechanical testing - Evaluation of different fixation methods for measuring tendons endurance properties,pitfallsduringbiomechanicaltesting-evalu,Acta Physiologica Hungarica,2016,10.1556/036.103.2016.1.8,Embase,2025-10-15
341,Lord et al. (2016),"Lord B, Yasen S, Amis A, Wilson A",Lord ,Biomechanical evaluation of human allograft compression in anterior cruciate ligament reconstruction,biomechanicalevaluationofhumanallograftc,Orthopaedic Journal of Sports Medicine,2016,10.1177/2325967116S00023,Embase,2025-10-15
345,Aguila et al. (2016),"Aguila C, Delcroix GJ-R, Kaimrajh D, Milne E, Temple HT, Latta LL",Aguila ,Effects of gamma irradiation on the biomechanical properties of peroneus tendons,effectsofgammairradiationonthebiomechani,Journal of Orthopaedic Research,2016,10.1002/jor.23247,Embase,2025-10-15
349,Bashlakova et al. (2015),"Bashlakova NA, Tyabut TD, Buglova AE, Kundzer EV",Bashlakova ,The coagulation state in female patients with rheumatoid arthritis and early atherosclerosis,thecoagulationstateinfemalepatientswithr,Annals of the Rheumatic Diseases,2015,10.1136/annrheumdis-2015-eular.4466,Embase,2025-10-15
350,RJ et al. (2015),"RJ Ames P, Merashli M, Ciampa A, Iannaccone L, Brancaccio V",RJ ,Dilute russel venom time ration independently predicts mortality in primary antiphospholipid syndrome,diluterusselvenomtimerationindependently,Annals of the Rheumatic Diseases,2015,10.1136/annrheumdis-2015-eular.5725,Embase,2025-10-15
352,Witt et al. (2014),"Witt K, Augustyniok Z, Stasiaczek G, Galuszka W, Kozlowski R",Witt ,Comparison of quality control parameters of plasma obtained with TACSI CRC kit and quadruple bags with in-line filter,comparisonofqualitycontrolparametersofpl,Vox Sanguinis,2014,10.1111/vox.12155,Embase,2025-10-15
354,Kozomara  (2014),Kozomara S,Kozomara ,The effect of rehabilitation on range of motion and muscle strength in patients after surgical reconstruction of the anterior cruciate ligament,theeffectofrehabilitationonrangeofmotion,Annals of Physical and Rehabilitation Medicine,2014,10.1016/j.rehab.2014.03.1021,Embase,2025-10-15
359,Trulsson et al. (2013),"Trulsson A, Hansson G-A˚, Gummesson C, Miller M, Garwicz M",Trulsson ,Relationships between muscular activation patterns and postural orientation in patients with anterior cruciate ligament injury,relationshipsbetweenmuscularactivationpa,Gait and Posture,2013,10.1016/j.gaitpost.2013.07.201,Embase,2025-10-15
360,Cao et al. (2012),"Cao H-B, Liang J, Xin J-Y",Cao ,Treatment of anterior cruciate ligament injury with peroneus longus tendon,treatmentofanteriorcruciateligamentinjur,National Medical Journal of China,2012,10.3760/cma.j.issn.0376-2491.2012.35.004,Embase,2025-10-15
362,Zhao  (2011),Zhao J,Zhao ,Simultaneous bi-cruciate and bi-collateral ligament reconstruction with autograft in knee dislocation,simultaneousbi-cruciateandbi-collaterall,Arthroscopy - Journal of Arthroscopic and Related Surgery,2011,10.1016/j.arthro.2011.08.203,Embase,2025-10-15
363,Campos et al. (2011),"Campos MM, Marques MJ, Fernandes A, Morais S, Santos G, Araújo T, Cordeiro A",Campos ,Platelet dysfunction and borderline thrombocytopenia- Two case reports,plateletdysfunctionandborderlinethromboc,Vox Sanguinis,2011,10.1111/j.1423-0410.2011.01498-2.x,Embase,2025-10-15
364,Ames et al. (2011),"Ames PRJ, Lannaeeone L, Ciampa A, Tommasino C, Braneaeeio V",Ames ,A single centre evaluation of mortality predictors in thrombotic primary antiphospholipid syndrome,asinglecentreevaluationofmortalitypredic,Journal of Thrombosis and Haemostasis,2011,10.1111/j.1538-7836.2011.04380_3.x,Embase,2025-10-15
368,Lehmann et al. (2010),"Lehmann C, Rummler S, Kummer C, Barz D",Lehmann ,Pathogen inactivation of single donor plasma,pathogeninactivationofsingledonorplasma,Vox Sanguinis,2010,10.1111/j.1423-0410.2010.01343-2.x,Embase,2025-10-15
371,Kerimoǧlu et al. (2008),"Kerimoǧlu S, Aynaci O, Saraçoǧlu M, Aydin H, Turhan AU",Kerimoǧlu ,Anterior cruciate ligament reconstruction with the peroneus longus tendon,anteriorcruciateligamentreconstructionwi,Acta orthopaedica et traumatologica turcica,2008,10.3944/AOTT.2008.42.1.038,Embase,2025-10-15
372,Kumai et al. (2006),"Kumai T, Yamada G, Takakura Y, Tohno Y, Benjamin M",Kumai ,Trace elements in human tendons and ligaments,traceelementsinhumantendonsandligaments,Biological Trace Element Research,2006,10.1385/BTER:114:1:151,Embase,2025-10-15
373,Delgado et al. (2005),"Delgado Alves J, Mason LJ, Ames PRJ, Chen PP, Rauch J, Levine JS, Subang R, Isenberg DA",Delgado ,"Antiphospholipid antibodies are associated with enhanced oxidative stress, decreased plasma nitric oxide and paraoxonase activity in an experimental mouse model",antiphospholipidantibodiesareassociatedw,Rheumatology,2005,10.1093/rheumatology/keh722,Embase,2025-10-15
374,Mayr et al. (2004),"Mayr HO, Weig TG, Plitz W",Mayr ,Arthrofibrosis following ACL reconstruction - Reasons and outcome,arthrofibrosisfollowingaclreconstruction,Archives of Orthopaedic and Trauma Surgery,2004,10.1007/s00402-004-0718-x,Embase,2025-10-15
27,Alardi et al. (2024),"Alardi I, Kadhim A, Aljanabi A",Alardi ,PERONEUS LONGUS AUTOGRAFT IN ANTERIOR CRUCIATE LIGAMENT RECONSTRUCTION AS ALTERNATIVE GRAFT OPTION,peroneuslongusautograftinanteriorcruciat,Georgian Med News,2024,,PubMed/MEDLINE,2025-10-12
86,Khan et al. (2021),"Khan MJ, Asif N, Firoz D, Khan AQ, Sabir AB, Siddiqui YS",Khan ,Prediction of peroneus longus graft diameter for anterior cruciate ligament reconstruction by inframalleolar harvest and from anthropometric data,predictionofperoneuslongusgraftdiameterf,Int J Burns Trauma,2021,,PubMed/MEDLINE,2025-10-12
96,Ertogrul et al. (2021),"Ertogrul R, Varol A, Oc Y, Kilinc BE",Ertogrul ,Is Peroneus Longus Allograft Good Alternative for Anterior Cruciate Ligament Reconstruction: a Comparison Study,isperoneuslongusallograftgoodalternative,Acta Chir Orthop Traumatol Cech,2021,,PubMed/MEDLINE,2025-10-12
117,Li et al. (2018),"Li J, Zheng L, Shi LJ, Xu J, Shu JL, Zhang XW",Li ,[Increased serum soluble-endoglin level and its clinical significance in antiphospholipid syndrome],increasedserumsoluble-endoglinlevelandit,Beijing Da Xue Xue Bao Yi Xue Ban,2018,,PubMed/MEDLINE,2025-10-12
132,Angthong et al. (2015),"Angthong C, Chernchujit B, Apivatgaroon A, Chaijenkit K, Nualon P, Suchao-in K",Angthong ,The Anterior Cruciate Ligament Reconstruction with the Peroneus Longus Tendon: A Biomechanical and Clinical Evaluation of the Donor Ankle Morbidity,theanteriorcruciateligamentreconstructio,J Med Assoc Thai,2015,,PubMed/MEDLINE,2025-10-12
138,Cao et al. (2012),"Cao HB, Liang J, Xin JY",Cao ,[Treatment of anterior cruciate ligament injury with peroneus longus tendon],[treatmentofanteriorcruciateligamentinju,Zhonghua Yi Xue Za Zhi,2012,,PubMed/MEDLINE,2025-10-12
140,Zhai et al. (2010),"Zhai WL, Li D, Lian KJ",Zhai ,[Tunnel enlargement after anterior cruciate ligament reconstruction with peroneus longus muscle combined with BMP and allogeneic bone],tunnelenlargementafteranteriorcruciateli,Zhongguo Gu Shang,2010,,PubMed/MEDLINE,2025-10-12
175,,,,The Comparison of Tunnel Morphology and Graft Healing in Anterior Cruciate Ligament Reconstructions Using Peroneus Longus And Hamstring Tendons,thecomparisonoftunnelmorphologyandgrafth,clinicaltrials.gov,2025,,Embase,2025-10-15
176,,,,Anthropometric Predictability of Full-Thickness Peroneus Longus and Semitendinosus Autograft Size: A Comparative Analysis,anthropometricpredictabilityoffull-thick,clinicaltrials.gov,2025,,Embase,2025-10-15
187,Alardi et al. (2024),"Alardi I, Kadhim A, Aljanabi A",Alardi ,PERONEUS LONGUS AUTOGRAFT IN ANTERIOR CRUCIATE LIGAMENT RECONSTRUCTION AS ALTERNATIVE GRAFT OPTION,peroneuslongusautograftinanteriorcruciat,Georgian medical news,2024,,Embase,2025-10-15
202,,,,Effect of ACL Reconstruction Using Peroneus Longus Versus Hamstring Autografts on Biomechanical Properties of Ankle Joint Complex,effectofaclreconstructionusingperoneuslo,clinicaltrials.gov,2024,,Embase,2025-10-15
207,Nikumbh et al. (2024),"Nikumbh J, Gangurde Y, Patil H, Bhamre S",Nikumbh ,Comparative Analysis of Functional Outcomes and Donor Site Morbidity in ACL Reconstruction: Peroneus Longus Tendon versus Hamstring Tendon Autografts,comparativeanalysisoffunctionaloutcomesa,International Journal of Pharmaceutical and Clinical Research,2024,,Embase,2025-10-15
208,Suna et al. (2024),"Suna R, Battu VR, Varigonda S, Giduthuri RK, Lakumalla S, Duttaluri R",Suna ,ACL Reconstruction with Quadrupled Hamstring Tendon Graft-A Prospective Outcome Study,aclreconstructionwithquadrupledhamstring,International Journal of Pharmaceutical and Clinical Research,2024,,Embase,2025-10-15
212,Sathish et al. (2024),"Sathish Babu DG, Basavarajanna S, Vanamali BS, Rashaad Rahman KK",Sathish ,A Prospective Study on Functional Outcome at Donor Site Following Peroneus Longus Graft Harvest for Knee Ligament Reconstruction in a Tertiary Care Hospital in South India,aprospectivestudyonfunctionaloutcomeatdo,International Journal of Pharmaceutical and Clinical Research,2024,,Embase,2025-10-15
220,,,,Evaluation of the Results of Two Different Methods in Management of Antero-lateral Instability of the Knee,evaluationoftheresultsoftwodifferentmeth,clinicaltrials.gov,2024,,Embase,2025-10-15
222,Adusumalli et al. (2023),"Adusumalli VK, Hussain RS, Rao VN, Kumar NR, Vinmaie P",Adusumalli ,"Reconstruction of Anterior Cruciate Ligament with Autologous Peroneus Longus Tendon Graft: A Prospective Study in Tertiary Care Hospital, Rajahmundry, Andhra Pradesh",reconstructionofanteriorcruciateligament,European Journal of Molecular and Clinical Medicine,2023,,Embase,2025-10-15
228,,,,Role of Sensory Deficits and the Effect of Sensory Stimulation on Sensorimotor Control and Neuromuscular Performance in Athletes With Chronic Ankle Instability,roleofsensorydeficitsandtheeffectofsenso,clinicaltrials.gov,2023,,Embase,2025-10-15
229,Kumar et al. (2023),"Kumar D, Kunder R, Verma PK, Lakhtakia PK",Kumar ,Autologous Peroneus Longus Versus Hamstring Tendon for Anterior Cruciate Ligament Reconstruction in Knee,autologousperoneuslongusversushamstringt,International Journal of Life Sciences Biotechnology and Pharma Research,2023,,Embase,2025-10-15
232,,,,"Peroneus Longus Autograft Use in Knee, Shoulder, Elbow Ligaments Reconstruction Surgery : Effect On Ankle And Foot Function","peroneuslongusautograftuseinknee,shoulde",clinicaltrials.gov,2023,,Embase,2025-10-15
234,Chaudhari & Desai (2023),"Chaudhari K, Desai N",Chaudhari ,A study of use of Peroneus Longus as graft in primary ACL reconstruction as an alternative in non-athletic patients,astudyofuseofperoneuslongusasgraftinprim,International Journal of Life Sciences Biotechnology and Pharma Research,2023,,Embase,2025-10-15
244,Kumar et al. (2023),"Kumar R, Sheoran A, Devgan A, Yadav U, Yadav N, Bishnoi S, Kumar S, Kumar P, Dharmender, Sujith Kumar S",Kumar ,Evaluation of functional outcome following arthroscopic anterior cruciate ligament reconstruction using Peroneus Longus graft,evaluationoffunctionaloutcomefollowingar,International Journal of Life Sciences Biotechnology and Pharma Research,2023,,Embase,2025-10-15
245,Reddy et al. (2023),"Reddy KS, Keerthi N, Sarvani KK",Reddy ,Functional Outcome Between Peroneus Longus Vs Hamstring Graft in an ACL Reconstruction,functionaloutcomebetweenperoneuslongusvs,European Journal of Cardiovascular Medicine,2023,,Embase,2025-10-15
249,,,,All-Inside Single-Bundle for ACL Reconstruction With Full Thickness of the Peroneus Longus Tendon Compared to the Six-strand-hamstring Autograft,all-insidesingle-bundleforaclreconstruct,clinicaltrials.gov,2022,,Embase,2025-10-15
259,Yadav et al. (2022),"Yadav R, Bansal R, Rao GM",Yadav ,"Comparison of Functional outcome of Arthroscopic ACL reconstruction between Quadruple Hamstring, Peroneus Longus and BPTB Autograft in Indian Population",comparisonoffunctionaloutcomeofarthrosco,European Journal of Molecular and Clinical Medicine,2022,,Embase,2025-10-15
263,,,,Comparative Evaluation of Functional Results and Survival Rate of Peroneus Longus Tendon - PLT and Hamstring Tendon - HT Used for Reconstruction of the Anterior Cruciate Ligament.,comparativeevaluationoffunctionalresults,clinicaltrials.gov,2022,,Embase,2025-10-15
267,Shair et al. (2022),"Shair NA, Siddiq UAB, Tariq A, Khalid M, Mian MH",Shair ,Anterior cruciate ligament reconstruction with hamstring tendon auto grafts versus peroneus longus tendon auto grafts in isolated anterior cruciate ligament injury,anteriorcruciateligamentreconstructionwi,Rawal Medical Journal,2022,,Embase,2025-10-15
284,Khan et al. (2021),"Khan MJ, Asif N, Firoz D, Khan AQ, Sabir AB, Siddiqui YS",Khan ,Prediction of peroneus longus graft diameter for anterior cruciate ligament reconstruction by inframalleolar harvest and from anthropometric data,predictionofperoneuslongusgraftdiameterf,International Journal of Burns and Trauma,2021,,Embase,2025-10-15
292,Kumar et al. (2020),"Kumar R, Singh B, Gautam A",Kumar ,Single bundle ACL Reconstruction with Peroneus Longus Tendon Autograft: A short-term study,singlebundleaclreconstructionwithperoneu,European Journal of Molecular and Clinical Medicine,2020,,Embase,2025-10-15
296,,,,Comparison of the Functional Outcome of Site Peroneus Longus Graft Donors With and Without Distal Stump Suturing of Peroneus Tendon Brevis on ACL Reconstruction Case .,comparisonofthefunctionaloutcomeofsitepe,clinicaltrials.gov,2020,,Embase,2025-10-15
315,Li et al. (2018),"Li J, Zheng L, Shi LJ, Xu J, Shu JL, Zhang XW",Li ,Increased serum soluble-endoglin level and its clinical significance in antiphospholipid syndrome,increasedserumsoluble-endoglinlevelandit,Beijing da xue xue bao. Yi xue ban = Journal of Peking University. Health sciences,2018,,Embase,2025-10-15
319,Mamoto et al. (2018),"Mamoto K, Xu K, Shimizu T, Tanaka M, Pedoia V, Maz C, Li X",Mamoto ,T1&RHO and T2 of articular cartilage after ACL injury predict patient-reported outcomes at 3 years after ACL reconstruction,t1&rhoandt2ofarticularcartilageafteracli,Osteoarthritis and Cartilage,2018,,Embase,2025-10-15
323,Federici et al. (2017),"Federici AB, Di Bartolo O, Agnoli S, Intini D, Lattuada A, Carraro M",Federici ,Imbalance between ADAMTS13 and VWF activities might identify thrombotic of bleeding events in essential thrombocythemia (ET): Results from a cohort of 72 cases,imbalancebetweenadamts13andvwfactivities,Blood,2017,,Embase,2025-10-15
324,,,,STUDY OF THE ADAMTS-13 LEVEL AS PREDICTIVE BIOMARKER FOR DEVELOPMENT OF PORTAL VEIN THROMBOSIS IN LIVER CIRRHOSIS,studyoftheadamts-13levelaspredictivebiom,clinicaltrials.gov,2017,,Embase,2025-10-15
325,Di et al. (2017),"Di Bartolo O, Agnoli S, Bianchi C, Intini D, Lattuada A, Carraro MC, Federici AB",Di ,Role of the ADAMTS13/VWF complex in the thrombotic and bleeding events of 67 Patients with Essential Thrombocythemia prospectively observed for 36 months,roleoftheadamts13/vwfcomplexinthethrombo,Haematologica,2017,,Embase,2025-10-15
334,,,,13th TUSYAD Congress Abstracts,13thtusyadcongressabstracts,Orthopaedic Journal of Sports Medicine,2017,,Embase,2025-10-15
339,Li et al. (2016),"Li AK, Amano K, Tanaka MS, Souza R, Li X, Ma C",Li ,Severity of ACL injury affects functional performance 2 years after surgery,severityofaclinjuryaffectsfunctionalperf,Osteoarthritis and Cartilage,2016,,Embase,2025-10-15
344,Moog et al. (2016),"Moog R, Rothe R, Tonn T",Moog ,Quality control of source and recovered plasma for fractionation,qualitycontrolofsourceandrecoveredplasma,Hamostaseologie,2016,,Embase,2025-10-15
351,Angthong et al. (2015),"Angthong C, Chernchujit B, Apivatgaroon A, Chaijenkit K, Nualon P, Suchao-In K",Angthong ,The anterior cruciate ligament reconstruction with the peroneus longus tendon: A biomechanical and clinical evaluation of the donor ankle morbidity,theanteriorcruciateligamentreconstructio,Journal of the Medical Association of Thailand,2015,,Embase,2025-10-15
353,Cvetkovic et al. (2014),"Cvetkovic Z, Kulic A, Cvetkovic B, Libek V",Cvetkovic ,Haemorrhagic syndrome due to primary hyperfibrinolysis as the first clinical sign of prostate cancer,haemorrhagicsyndromeduetoprimaryhyperfib,Haematologica,2014,,Embase,2025-10-15
355,Eckstein et al. (2014),"Eckstein F, Wirth W, Lohmander S, Hudelmaier M, Frobell R",Eckstein ,Subregional but not total plate cartilage change differ between early and late follow-up after anterior cruciate ligament rupture,subregionalbutnottotalplatecartilagechan,Osteoarthritis and Cartilage,2014,,Embase,2025-10-15
357,Arnout et al. (2013),"Arnout N, Myncke J, Vanlauwe J, Labey L, Lismont D, Bellemans J",Arnout ,The influence of freezing on the tensile strength of tendon grafts: A biomechanical study,theinfluenceoffreezingonthetensilestreng,Acta Orthopaedica Belgica,2013,,Embase,2025-10-15
361,Wong et al. (2012),"Wong S, Grebenyuk J, O'Brien J, Forster B",Wong ,T2 mapping of femorotibial articular cartilage injury following anterior cruciate ligament tears,t2mappingoffemorotibialarticularcartilag,American Journal of Roentgenology,2012,,Embase,2025-10-15
365,Kanonidou et al. (2011),"Kanonidou C, Lazaridou D, Arampatzi S, Nikolaidou A, Pape M, Karamouzis M, Diza E",Kanonidou ,Evaluation of the effect of subclinical hypothyroidism on blood coagulation parameters,evaluationoftheeffectofsubclinicalhypoth,Haematologica,2011,,Embase,2025-10-15
366,Arampatzi et al. (2011),"Arampatzi S, Kanonidou C, Nicolaidou A, Lazaridou D, Diza E",Arampatzi ,"Evaluation of immature platelet fraction, mean platelet volume and endothelial damage in patients with coronary artery disease","evaluationofimmatureplateletfraction,mea",Haematologica,2011,,Embase,2025-10-15
369,Zhai et al. (2010),"Zhai WL, Li D, Lian KJ",Zhai ,Tunnel enlargement after anterior cruciate ligament reconstruction with peroneus longus muscle combined with BMP and allogeneic bone,tunnelenlargementafteranteriorcruciateli,Zhongguo gu shang = China journal of orthopaedics and traumatology,2010,,Embase,2025-10-15
376,Shino et al. (1995),"Shino K, Oakes BW, Horibe S, Nakata K, Nakamura N, Indelicato PA",Shino ,Collagen fibril populations in human anterior cruciate ligament allografts. Electron microscopic analysis,collagenfibrilpopulationsinhumananterior,American Journal of Sports Medicine,1995,,Embase,2025-10-15
